objname,mod0,vgsr
UGC12914,33.49,4522
PGC000143,24.94,-54
NGC7814,30.80,1204
UGC00014,35.03,7428
UGC00017,31.34,1024
NGC7817,32.23,2470
ESO409-015,29.70,744
PGC000465,36.19,11673
ESO293-034,31.60,1477
UGC00052,34.22,5386
UGC00054,34.32,4441
ESO349-031,27.53,214
NGC0007,31.57,1503
NGC0023,33.55,4728
NGC0024,29.32,574
NGC0029,34.45,4948
ESO293-045,32.17,1428
UGC00132,31.56,1815
NGC0048,33.84,1972
NGC0045,29.11,490
NGC0055,26.62,98
NGC0059,28.45,395
ESO410-005,26.44,29
NGC0063,31.34,1293
PGC001288,33.50,3789
IC0010,24.50,-147
UGC00196,33.74,5336
ESO150-005,30.68,1354
NGC0100,31.31,978
NGC0105,34.29,5318
ESO294-010,26.45,69
NGC0115,32.29,1812
UGC00256,33.40,5372
UGC00260,32.23,2263
UGC00288,29.17,374
PGC073507,36.05,13297
NGC0134,31.25,1566
UGC00312,33.73,4480
ESO079-003,32.60,2508
UGC00320,33.08,2472
IC1553,32.54,2934
NGC0147,24.25,-4
NGC0150,31.62,1577
IC1555,31.25,1539
NGC0157,32.24,1718
PGC002121,24.33,-171
IC1558,29.93,1560
NGC0185,24.11,-17
NGC0191,34.94,6136
NGC0205,24.52,-62
UGC00392,32.15,1587
NGC0210,31.38,1680
ESO079-005,31.44,1598
NGC0216,30.30,1555
NGC0214,33.80,4687
PGC002492,32.06,1585
ESO540-016,32.13,1582
PGC002544,29.27,416
NGC0221,24.50,-22
NGC0224,24.27,-112
NGC0232,34.60,6694
IC1574,28.46,374
PGC002590,24.18,NA
PGC002666,24.32,-204
UGC00477,32.93,2785
PGC002726,36.12,11317
UGC00485,33.96,5406
NGC0247,27.85,173
NGC0253,27.84,244
PGC002805,31.29,1396
NGC0252,34.44,5092
UGC00501,34.25,5241
ESO540-030,27.62,248
UGC00509,34.30,5294
ESO540-031,27.62,308
UGC00511,34.46,4758
ESO540-032,27.79,245
PGC002964,33.20,5127
NGC0274,31.43,1787
UGC00521,32.59,792
UGC00525,32.88,5085
NGC0278,32.34,820
PGC003062,32.41,1478
UGC00536,34.48,5014
NGC0292,18.97,21
NGC0289,31.59,1608
UGC00542,33.67,4663
PGC003183,33.09,4950
PGC003184,34.70,6946
UGC00549,34.29,6222
UGC00557,34.55,4654
UGC00556,34.36,4790
NGC0300,26.53,122
NGC0298,32.18,1810
UGC00562,33.69,5622
UGC00565,33.47,5800
PGC003285,34.77,6824
IC1601,35.37,3746
UGC00575,34.10,4813
PGC003466,33.94,4880
UGC00607,36.59,11769
ESO541-004,32.22,2017
UGC00608,32.83,2934
ESO541-005,33.11,1968
NGC0337,31.30,1701
ESO351-030,19.63,76
UGC00622,32.83,2893
IC0066,34.56,4989
NGC0338,34.46,4931
IC0065,32.34,2794
UGC00628,34.66,5574
UGC00633,34.80,5729
UGC00634,32.15,2309
IC1610,34.34,5653
NGC0360,32.42,2179
UGC00646,34.14,5439
PGC003792,24.42,-152
IC1613,24.39,-153
PGC003853,30.30,1148
PGC003855,32.56,2473
UGC00669,33.20,6010
UGC00673,34.98,6401
UGC00679,33.70,5225
UGC00685,28.41,273
NGC0406,31.61,1369
NGC0382,34.33,5375
UGC00711,31.94,2054
UGC00714,33.60,4787
NGC0404,27.37,105
PGC004143,32.43,1927
UGC00732,33.76,5592
PGC004222,34.59,5725
UGC00748,34.46,5009
UGC00764,34.70,4893
NGC0448,32.39,1988
NGC0444,33.46,4982
UGC00809,34.13,4358
NGC0452,34.12,5109
[RC2]A0113+33,24.02,-43
UGC00825,34.53,5512
UGC00841,33.99,5720
NGC0470,33.44,2448
NGC0474,32.20,2445
NGC0477,34.82,6024
NGC0485,32.45,2333
NGC0488,32.89,2346
UGC00903,32.83,2626
NGC0489,33.28,2594
UGC00909,34.62,5235
ESO352-057,34.75,5639
NGC0494,34.09,5591
NGC0495,34.38,4250
NGC0496,33.63,6151
NGC0512,34.84,5010
NGC0514,32.09,2568
IC0101,32.72,2487
UGC00958,32.70,2524
UGC00964,33.05,2820
NGC0522,32.95,2817
NGC0524,32.56,2510
NGC0532,32.70,2459
NGC0523,34.32,4906
UGC00987,33.77,4799
PGC005329,32.01,2042
PGC005341,33.29,2001
NGC0536,33.92,5335
ESO476-010,31.68,1584
UGC01020,32.99,2696
UGC01033,33.85,4179
NGC0551,34.04,5340
UGC01054,34.27,2807
UGC01066,34.34,5210
IC0126,34.32,5948
UGC01070,31.75,2963
NGC0578,31.23,1614
IC1711,33.23,2910
NGC0584,31.50,1885
UGC01087,34.21,4582
NGC0582,34.04,4491
UGC01104,29.39,791
NGC0596,31.67,1936
UGC01110,32.74,2861
UGC01112,31.96,1772
NGC0598,24.71,-48
NGC0613,32.11,1446
NGC0615,32.22,1900
NGC0628,30.03,756
NGC0632,33.20,3234
UGC01160,34.28,5582
UGC01162,36.18,11258
NGC0634,34.40,5070
NGC0636,32.35,1883
UGC01171,29.34,834
UGC01176,29.78,727
UGC01178,33.79,5643
PGC006190,32.48,2156
PGC006228,31.45,1534
NGC2573,32.02,2257
NGC0658,33.26,3074
UGC01197,32.76,2894
UGC01200,30.69,899
PGC006354,29.48,882
ESO245-005,28.30,309
UGC01234,34.87,5792
UGC01240,31.86,1863
NGC0668,33.75,4638
UGC01257,34.62,4799
NGC0673,34.21,5261
NGC0676,31.12,1568
NGC0681,33.24,1761
IC0163,31.99,2851
PGC006703,32.16,1446
NGC0680,32.46,2916
NGC0691,32.84,2769
NGC0688,33.88,4283
IC1735,35.75,11496
NGC0701,31.52,1862
ESO245-007,23.20,-142
IC0167,31.46,3038
UGC01316,34.55,4841
PGC006864,33.23,2155
UGC01319,33.78,5448
PGC006898,32.79,1665
NGC0708,33.46,4974
PGC006966,34.16,5040
NGC0710,32.76,6242
NGC0720,32.19,1717
UGC01366,34.40,5247
NGC0721,33.74,5737
UGC01378,33.36,3111
NGC0748,34.34,5338
NGC0755,31.49,1634
UGC01416,35.40,5605
PGC007324,32.34,1859
NGC0759,34.16,4779
UGC01459,34.17,5600
NGC0772,31.86,2532
NGC0769,33.52,4538
NGC0779,31.44,1408
UGC01470,34.32,5288
UGC01493,33.44,4274
NGC0783,33.94,5315
UGC01500,32.40,2524
NGC0799,34.50,5869
NGC0801,33.77,5896
NGC0803,31.66,2180
NGC0809,34.72,5348
UGC01567,36.10,9163
PGC007957,34.58,4542
UGC01581,33.89,4542
NGC0812,33.74,5308
NGC0821,31.84,1818
NGC0820,34.05,4500
NGC0825,34.72,3447
NGC0818,33.83,4377
IC0210,31.51,1935
UGC01650,34.41,4717
IC1783,32.85,3280
PGC008295,31.42,2011
UGC01666,36.31,13416
NGC0841,33.74,4669
UGC01685,34.79,6298
ESO544-027,33.13,2438
UGC01703,28.17,158
NGC0855,29.92,698
UGC01726,34.19,5389
ESO544-030,30.72,1579
ESO544-031,35.94,15864
NGC0864,30.85,1605
IC1788,33.28,3445
IC0217,31.59,1885
NGC0865,32.45,3101
UGC01753,32.27,3096
PGC008778,34.71,6174
PGC008796,36.01,11127
IC0219,34.44,5042
ESO545-002,31.55,1575
ESO545-003,31.88,1556
ESO545-005,32.36,2301
NGC0895,32.74,2295
UGC01820,33.10,4073
NGC0891,29.97,660
UGC01839,32.18,1562
NGC0907,32.06,1614
NGC0908,31.26,1466
UGC01845,31.28,4791
UGC01862,31.74,1400
PGC009140,26.63,157
UGC01867,33.87,5330
NGC0911,34.71,5896
NGC0918,31.07,1582
NGC0914,34.34,5664
PGC009272,32.59,2097
ESO479-004,31.22,1458
NGC0925,29.82,665
PGC009354,31.35,2082
NGC0935,32.98,4247
NGC0931,32.81,5096
NGC0941,31.71,1615
UGC01958,31.96,1113
UGC01970,32.53,2002
UGC01980,34.17,4883
NGC0958,34.45,5746
NGC0949,30.20,732
UGC01988,33.94,5903
UGC01993,35.52,8143
UGC01999,31.73,1044
NGC0959,30.07,711
NGC0986,29.59,1887
UGC02035,34.07,5208
NGC0976,33.66,4374
NGC0972,30.83,1614
NGC0973,33.99,4959
PGC009800,33.97,4758
PGC009816,32.46,3873
NGC0988,30.94,1492
ESO545-038,35.98,4628
UGC02082,30.82,793
PGC009892,27.69,221
NGC0992,33.30,4211
ESO115-021,28.53,369
NGC1024,33.26,3580
NGC1003,30.20,746
NGC1035,31.17,1249
ESO356-004,20.86,-56
NGC1042,28.12,1356
NGC1023,29.90,761
UGC02159,33.49,5287
NGC1051,31.65,1286
NGC1052,31.22,1469
NGC1055,31.43,1005
PGC010217,27.70,173
UGC02171,33.91,4661
NGC1068,30.02,1149
NGC1056,32.47,1632
UGC02194,33.76,5600
NGC1058,30.13,629
NGC1073,27.77,1220
NGC1079,32.65,1376
UGC02201,33.98,4230
IC1844,34.78,6826
NGC1084,30.95,1407
NGC1097,30.84,1188
NGC1090,32.24,2887
NGC1110,31.63,1305
PGC010738,36.23,10380
UGC02345,30.74,1512
UGC02364,34.61,5451
NGC1134,32.89,3687
UGC02375,35.19,7623
PGC010948,34.42,6465
UGC02370,33.11,2282
NGC1145,32.11,2003
NGC1140,31.29,1472
UGC02384,35.67,9884
PGC011004,33.27,3646
ESO356-018,31.20,1336
UGC02405,35.07,7715
UGC02404,34.43,4983
UGC02415,34.88,7790
ESO154-023,28.83,434
UGC02429,32.42,1773
IC1870,31.22,1532
ESO199-007,28.90,498
UGC02443,32.57,2510
PGC011248,31.93,2360
UGC02444,35.05,6718
NGC1162,33.06,3897
UGC02411,32.81,2706
UGC02454,35.02,7644
IC0277,33.97,2855
PGC011350,34.41,8420
NGC1163,32.89,2228
PGC011365,35.52,8928
UGC02459,32.80,2592
UGC02463,32.90,2010
NGC1160,31.88,2647
NGC1172,31.71,1485
NGC1187,31.39,1320
NGC1179,31.26,1717
NGC1169,32.89,2508
NGC1199,32.58,2630
ESO480-025,31.44,1646
UGC02485,31.87,2178
NGC1171,32.01,2856
UGC02511,33.71,3954
ESO248-002,31.33,1261
ESO300-009,34.76,5960
NGC1186,32.82,2853
NGC1209,32.75,2588
IC0284,31.93,2833
UGC02540,35.10,4025
PGC011744,29.98,1520
IC1892,32.88,2810
PGC011767,35.47,8643
PGC011782,33.76,3078
UGC02519,32.12,2530
ESO547-012,33.12,1949
ESO300-014,30.04,834
NGC1232,30.91,1541
NGC1249,30.85,927
IC0292,32.83,3165
IC1898,31.50,1250
ESO357-007,31.21,1014
NGC1233,34.04,4489
ESO116-012,31.71,993
NGC1255,30.99,1603
ESO481-014,31.44,1650
NGC1253,31.65,1688
IC0304,34.39,5049
PGC012130,32.59,2286
UGC02617,33.13,4801
ESO357-012,31.49,1457
NGC1259,34.20,5934
NGC1291,26.19,713
NGC1260,34.17,5855
UGC02637,33.38,5218
UGC02650,35.62,8462
NGC1292,31.37,1274
NGC1313,28.17,302
ESO481-018,31.34,1711
UGC02655,33.54,6297
NGC1297,32.26,1507
IC1914,31.89,886
IC1913,31.70,1343
NGC1300,30.81,1506
NGC1275,34.46,5365
NGC1302,30.43,1616
NGC1311,28.72,424
NGC1299,31.99,2280
ESO481-021,31.69,1659
UGC02684,29.07,386
PGC012608,32.21,1941
NGC1309,32.68,2073
ESO301-008,31.50,1298
NGC1316,31.55,1670
UGC02708,34.44,5429
NGC1326,29.93,1242
NGC1325,31.72,1507
NGC1326A,31.02,1713
PGC012798,32.14,1807
IC1933,31.14,912
UGC02730,34.37,3863
IC1919,31.45,1214
NGC1332,31.78,1444
NGC1331,31.80,1127
NGC1336,31.29,1301
ESO358-004,31.55,NA
ESO358-006,31.55,1152
ESO548-021,31.77,1600
NGC1337,30.56,1192
NGC1339,31.48,1281
NGC1340,31.57,1075
NGC1351A,31.44,1235
NGC1351,31.39,1362
PGC013058,31.41,1696
NGC1350,31.24,1789
PGC013084,31.45,1166
ESO418-008,31.67,1086
IC1954,30.64,912
PGC013097,31.54,1541
ESO418-009,31.31,859
NGC1353,32.13,1446
UGC02773,26.69,330
ESO548-032,32.07,1877
PGC013146,31.46,1935
ESO482-005,32.49,1822
ESO358-015,31.04,1267
IC1959,28.95,491
IC1952,31.79,1722
PGC013177,31.51,1257
NGC1365,31.19,1516
NGC1359,32.95,1890
NGC1366,31.60,1194
PGC013230,31.36,1083
NGC1373,31.40,1213
NGC1367,31.89,1366
NGC1375,31.49,663
NGC1374,31.44,1173
IC0335,31.56,1516
ESO358-025,31.32,1753
IC1962,31.80,1718
PGC013294,29.31,595
NGC1379,31.39,1202
ESO482-011,30.80,1493
NGC1380,31.52,1753
NGC1381,31.68,1605
IC1970,31.56,1103
NGC1386,31.07,772
NGC1380A,31.48,1487
PGC013343,31.43,1539
NGC1387,31.41,1138
NGC1380B,31.52,1628
NGC1389,31.61,798
NGC1385,30.00,1400
NGC1343,28.14,2370
NGC1396,31.48,695
ESO358-042,31.55,1041
UGC02798,34.02,5033
ESO358-043,31.59,1260
UGC02801,34.54,6106
NGC1399,31.56,1302
NGC1395,31.89,1607
NGC1411,31.46,868
NGC1404,31.51,1822
NGC1398,31.97,1297
NGC1406,31.27,961
NGC1400,32.08,506
UGC02800,31.55,1330
NGC1407,32.28,1708
NGC1419,31.77,2004
ESO358-050,31.47,1176
ESO482-035,32.06,1786
NGC1422,30.31,1568
UGC02829,34.74,6146
NGC1433,29.60,928
NGC1425,31.67,1398
NGC1427,31.41,1263
NGC1428,31.55,1513
NGC1421,31.51,2016
ESO548-082,33.04,1641
UGC02813,31.04,1535
NGC1426,31.84,1350
PGC013646,32.73,2093
ESO156-008,36.96,17532
ESO358-056,31.65,977
PGC013684,32.22,1135
NGC1436,30.96,1264
ESO015-001,31.33,1472
UGC02827,31.77,1678
PGC013716,32.33,1508
NGC1448,31.40,1023
NGC1439,32.11,1573
ESO358-059,31.46,913
PGC013758,31.44,1850
NGC1437B,30.06,1374
NGC1460,31.47,1212
ESO358-063,31.13,1803
PGC013821,29.62,1157
IC0342,27.68,172
NGC1473,31.34,1218
ESO302-009,31.46,855
ESO358-066,31.48,1362
ESO549-018,32.13,1485
UGC02855,30.66,1351
UGC02868,34.65,5495
IC2000,31.41,827
ESO482-046,31.78,1416
ESO054-021,30.92,1256
ESO359-002,31.41,1299
ESO359-003,30.70,1449
IC2051,31.06,1546
NGC1484,30.81,905
IC2006,31.49,1236
ESO549-035,32.95,1722
UGC02890,30.50,1314
UGC02905,28.82,302
NGC1493,31.41,900
NGC1494,30.47,970
NGC1495,30.90,1129
UGC02896,32.96,2387
NGC1511,30.78,1159
PGC014241,27.37,213
UGC02915,34.48,5360
UGC02920,34.16,4219
UGC02906,34.10,2646
PGC014370,34.35,4660
NGC1512,30.40,746
NGC1515,31.13,1004
ESO359-016,32.02,1271
NGC1507,30.10,813
NGC1485,31.39,1235
ESO550-005,31.71,1788
UGC02956,33.78,4593
NGC1518,29.46,826
IC0356,31.67,1040
NGC1519,31.30,1732
NGC1527,31.26,1015
NGC1533,31.43,621
PGC014600,32.50,2862
PGC014626,32.96,1781
NGC1532,31.35,1065
UGC02982,33.35,5275
NGC1543,31.49,994
UGC02988,33.71,3840
NGC1537,31.81,1272
NGC1549,31.45,1070
NGC1553,31.30,976
PGC014768,32.19,1853
PGC014780,35.24,8822
NGC1559,31.02,1117
NGC1556,31.13,818
IC2058,31.28,1205
UGC03009,33.15,3777
NGC1566,28.94,1329
NGC1558,33.91,4371
ESO550-024,30.26,786
NGC1574,31.47,867
NGC1530,31.41,2618
UGC03028,33.64,5527
NGC1596,30.90,1335
UGC03048,32.98,3189
NGC1569,27.53,34
UGC03066,34.07,4594
UGC03070,32.29,2449
PGC015439,27.53,18
ESO202-035,32.13,1700
UGC03078,34.05,5462
UGC03084,33.33,4032
UGC03089,33.82,4593
ESO551-016,31.12,1680
NGC1620,33.06,3443
ESO202-041,30.35,1482
UGC03092,34.28,4932
UGC03108,33.53,4029
ESO157-049,31.87,1494
UGC03122,34.15,4642
UGC03114,33.73,3855
UGC03110,33.73,4632
NGC1637,30.41,638
PGC015869,33.16,2429
IC0381,32.07,2626
UGC03148,34.21,4720
UGC03151,33.91,4580
NGC1672,31.38,1154
UGC03161,36.47,8711
UGC03143,34.19,4694
UGC03147,32.91,3024
UGC03144,31.47,1784
UGC03172,34.17,4686
NGC1688,30.30,1042
ESO421-019,31.25,1328
UGC03167,34.22,4857
PGC016118,33.71,4368
NGC1679,30.05,899
IC2098,33.12,2731
ESO119-016,32.50,785
UGC03186,34.11,4513
ESO361-015,31.09,1012
ESO422-005,32.82,1313
NGC1705,28.79,445
ESO085-014,31.31,1216
ESO361-019,30.24,2155
PGC016322,33.49,3755
UGC03207,34.20,4494
UGC03205,33.85,3607
PGC016389,29.21,488
NGC1699,33.54,3844
UGC03214,34.23,4829
IC0396,30.67,1015
NGC1723,32.50,3629
ESO486-003,32.81,1624
NGC1744,29.95,594
UGC03218,34.35,5340
ESO552-052,34.05,4453
NGC1752,33.27,3472
UGC03237,33.63,4116
NGC1762,35.05,4674
NGC1792,30.10,1039
NGC1784,32.22,2199
NGC1824,30.36,1056
PGC016772,32.44,2244
NGC1808,30.45,826
NGC1797,34.38,4356
ESO305-009,30.75,848
NGC1827,30.20,866
PGC016850,31.82,1843
UGC03250,34.87,4644
PGC016875,32.42,2556
ESO553-017,32.90,1828
PGC016894,32.19,1851
NGC1819,33.90,4398
NGC1832,32.00,1807
NGC1853,32.26,1218
PGC016957,27.68,223
ESO305-017,32.00,891
ESO423-002,31.54,1305
ESO362-011,31.05,1169
UGC03275,35.67,7895
NGC1892,30.82,1164
IC0407,33.21,2690
UGC03273,30.96,701
UGC03283,34.22,4412
UGC03253,33.99,4285
NGC1879,31.42,1072
ESO362-019,31.18,1108
UGC03276,32.53,2648
UGC03296,34.13,4189
UGC03257,31.00,2346
NGC1886,32.33,1600
NGC1888,32.98,2290
PGC017217,33.04,2359
ESO056-115,18.51,90
IC0416,33.50,3048
UGC03303,29.27,440
NGC1947,30.83,979
ESO553-046,29.13,392
NGC1924,32.42,2430
PGC017395,32.33,2589
IC2130,31.05,1670
IC2135,30.84,1141
NGC1964,31.71,1504
UGC03319,34.22,4344
PGC017475,35.04,6910
UGC03329,34.10,5206
ESO554-018,33.36,2711
UGC03332,34.32,5767
UGC03326,34.60,4252
ESO120-012,30.53,1149
ESO363-015,30.82,1092
NGC2082,30.73,995
ESO487-035,31.09,1563
NGC1961,34.49,4060
ESO554-028,32.55,1908
NGC2049,34.15,2813
UGC03351,33.44,4500
PGC017787,36.78,14796
IC2143,32.88,2892
NGC2090,30.33,738
NGC2104,31.08,961
UGC03354,33.26,3171
ESO555-002,33.00,2210
IC2150,33.14,2925
UGC03365,34.73,5267
IC0438,32.90,2966
UGC03375,33.48,5851
PGC018109,34.27,5854
NGC2124,33.28,2797
IC2152,32.15,1701
UGC03379,33.66,4233
ESO488-049,32.56,1622
UGC03373,33.91,4905
ESO425-002,32.34,1208
ESO555-029,33.47,2725
PGC018373,32.86,2066
ESO488-060,32.03,1623
ESO005-004,32.04,1687
ESO364-029,29.78,596
PGC018431,29.92,582
ESO121-006,31.34,1003
ESO489-006,31.93,2049
PGC018467,34.04,4386
ESO425-011,33.82,3024
NGC2188,29.62,549
UGC03406,34.19,5316
UGC03403,31.22,1390
PGC018581,32.11,1904
UGC03422,34.05,4184
ESO121-020,28.92,372
UGC03420,34.44,5244
UGC03432,34.23,5077
IC2163,31.30,2614
UGC03413,33.24,4364
ESO489-029,32.09,1518
UGC03423,33.99,4417
NGC2146,32.13,1041
PGC018813,34.36,5416
PGC018848,32.04,2675
PGC018855,30.52,587
ESO556-015,32.14,1811
ESO121-026,32.76,2057
NGC2217,31.81,1431
NGC2146A,31.70,1638
UGC03459,33.35,2781
PGC018989,32.42,4372
ESO426-008,35.11,6866
ESO489-056,29.00,304
IC2166,32.41,2776
ESO490-005,35.38,6929
UGC03476,29.23,436
ESO490-007,32.39,2656
ESO490-010,31.64,1633
UGC03474,33.32,3751
UGC03489,34.56,5398
ESO490-014,32.58,2521
UGC03484,35.08,7500
ESO557-005,36.49,10948
UGC03498,33.36,3713
PGC019325,34.71,5835
ESO490-017,29.01,309
PGC019343,30.55,578
NGC2263,32.16,2552
ESO308-022,29.86,611
NGC2273A,31.56,2186
ESO490-028,31.94,1950
ESO122-001,32.27,2401
ESO206-020A,20.16,13
NGC2271,32.49,2408
UGC03524,33.35,3834
ESO490-036,32.57,1741
IC2171,30.20,608
NGC2280,31.95,1718
ESO427-006,33.25,2591
NGC2283,29.97,662
NGC2273B,31.59,2194
ESO490-045,31.90,1514
NGC2293,31.14,1841
NGC2258,34.04,4190
UGC03500,33.32,4545
UGC03539,33.42,3409
NGC2273,32.42,1925
UGC03561,34.66,5714
UGC03576,35.04,6009
UGC03574,31.16,1513
UGC03584,33.82,4397
UGC03587,31.90,1197
UGC03575,33.88,4008
UGC03540,32.44,2096
ESO491-009,32.67,1857
UGC03580,32.00,1320
UGC03600,30.06,408
UGC03605,35.77,7881
UGC03595,35.32,7973
UGC03598,30.58,2078
UGC03611,34.46,4925
ESO491-012,33.14,2383
PGC019975,32.83,3372
ESO491-015,32.80,2477
UGC03627,34.37,6330
UGC03630,32.02,1632
UGC03634,35.15,7800
UGC03637,32.68,3426
NGC2325,32.02,1954
PGC020125,28.61,345
NGC2320,34.54,5948
ESO427-034,32.29,2179
UGC03691,32.34,2113
NGC2339,32.43,2178
PGC020274,32.44,1554
ESO491-020,33.45,2672
UGC03675,33.96,3919
UGC03731,34.15,4864
UGC03725,34.68,6212
UGC03717,33.61,4314
UGC03755,29.43,207
UGC03751,32.10,2235
NGC2268,32.48,2382
UGC03757,35.20,5572
UGC03763,35.53,7143
ESO428-009,32.82,2029
UGC03770,34.97,6316
UGC03749,32.19,1261
ESO162-017,30.37,876
NGC2347,34.73,4519
NGC2369,32.61,3020
UGC03776,33.21,3860
UGC03777,32.83,3175
ESO428-015,31.75,1868
ESO428-018,32.69,1870
ESO428-017,32.69,2180
NGC2357,32.43,2213
UGC03787,35.91,8469
UGC03783,35.10,6126
UGC03784,34.07,2541
ESO367-017,32.27,2569
UGC03789,33.48,3385
UGC03808,33.48,2332
NGC2397,31.48,1143
PGC020827,31.08,1456
PGC020830,34.78,5032
UGC03820,33.03,2444
NGC2365,32.98,2210
UGC03804,33.12,2992
ESO123-009,32.78,2994
UGC03830,30.80,1226
ESO428-028,32.44,2046
NGC2380,32.03,1575
UGC03845,33.55,3061
PGC021028,33.82,2321
NGC2336,32.51,2347
UGC03860,30.11,346
NGC2389,33.93,3920
UGC03876,32.13,815
NGC2366,27.58,209
UGC03879,33.85,4770
NGC2393,34.00,4861
NGC2417,32.59,2982
IC0467,31.89,2178
ESO123-016,32.58,3029
ESO059-001,28.33,316
ESO429-001,32.73,1903
ESO208-021,30.64,796
PGC021302,27.53,314
NGC2434,31.65,1237
IC2199,33.87,4640
ESO257-019,32.77,2646
NGC2442,31.63,1245
NGC2427,30.07,747
UGC03922,35.70,8846
NGC2403,27.53,237
UGC03919,33.86,4958
UGC03909,31.85,1069
UGC03937,33.20,3975
UGC03921,33.85,2601
ESO560-004,32.87,1979
UGC03955,33.62,4986
PGC021549,36.02,8330
UGC03974,29.56,180
UGC03966,30.08,360
PGC021614,29.51,190
ESO163-014,32.90,2638
UGC03979,34.04,4163
ESO123-023,33.05,2688
PGC021697,34.58,5245
ESO560-012,33.29,3110
PGC021772,29.83,488
ESO560-013,33.56,3041
UGC04024,32.50,1799
NGC2441,33.64,3586
UGC04060,34.19,4570
ESO035-018,32.11,1562
IC0480,33.48,4570
NGC2460,32.94,1518
ESO494-007,32.05,1350
UGC04115,29.48,244
ESO561-003,33.14,3318
ESO209-009,30.50,890
PGC022401,35.21,7343
UGC04133,35.38,8968
UGC04169,32.54,1681
NGC2512,33.88,4634
UGC04078,32.15,2018
UGC04195,34.34,4981
ESO494-021,32.82,1376
NGC2525,30.93,1398
ESO494-026,29.06,750
UGC04238,31.39,1676
NGC2537,29.19,469
IC2233,30.73,574
ESO430-026,32.60,1436
NGC2523,32.84,3604
UGC04296,35.45,8868
NGC2559,31.01,1340
UGC04306,31.86,2390
PGC023262,32.16,2028
IC2267,33.11,2011
NGC2566,30.64,1425
IC2311,31.82,1631
UGC04305,27.70,270
PGC023338,34.46,4950
NGC2565,33.78,3503
UGC04322,35.17,7447
ESO495-009,31.24,1252
UGC04381,33.65,4462
PGC023521,27.68,226
UGC04375,33.02,1985
PGC023574,33.92,4526
IC2367,31.91,2247
UGC04386,34.20,4550
NGC2550,32.10,2392
NGC2590,34.03,4840
UGC04426,29.97,395
UGC04413,32.57,2414
UGC04446,34.67,5930
ESO431-013,32.90,2612
UGC04455,35.63,9108
NGC2613,32.14,1466
ESO562-018,34.83,4524
ESO431-016,32.50,2581
UGC04459,27.79,119
NGC2608,33.04,2099
ESO495-021,29.58,644
PGC024189,34.44,5715
UGC04483,27.73,264
ESO563-002,31.86,1445
NGC2591,31.41,1464
UGC04499,30.11,726
PGC024286,35.52,8118
UGC04524,32.62,1802
ESO432-002,32.76,2631
ESO563-014,32.04,1505
UGC04550,32.90,1955
UGC04559,33.22,2026
ESO563-017,33.96,3252
IC0499,33.62,2110
ESO563-021,34.71,4376
IC2389,31.77,2502
NGC2633,31.98,2291
NGC2634,32.60,2381
PGC024778,32.91,2726
ESO496-010,29.67,593
ESO563-026,33.02,3199
UGC04625,35.64,8328
ESO563-028,33.01,2417
ESO371-020,32.15,2141
PGC024870,32.93,1800
UGC04640,33.55,3146
UGC04628,31.34,808
NGC2683,29.86,385
UGC04623,33.22,3016
NGC2681,31.16,714
PGC024988,35.77,9068
NGC2695,32.53,1669
IC0522,34.18,5126
NGC2655,29.87,1522
NGC2699,32.13,1658
NGC2708,33.24,1832
NGC2706,33.53,1468
UGC04601,32.44,1915
ESO060-019,31.63,1227
NGC2722,32.66,2593
NGC2701,32.62,2375
UGC04701,33.05,1544
ESO090-015,32.30,1455
NGC2731,31.67,2453
ESO564-012,34.53,3346
UGC04754,34.39,5459
NGC2758,32.61,1757
NGC2726,33.77,1617
PGC025563,34.18,3585
NGC2763,31.95,1694
NGC2772,34.43,3214
2MASXJ03052260+0051346,38.03,35410
NGC2715,31.89,1465
ESO564-023,35.22,7531
ESO314-005,34.12,4583
NGC2788,31.23,1421
NGC2756,33.51,4025
UGC04800,33.21,2491
ESO497-018,34.91,4903
PGC025886,32.46,1657
UGC11780,36.54,15422
NGC2768,31.73,1469
ESO564-027,32.76,1972
ESO497-022,32.38,2205
NGC2784,29.94,482
UGC04845,32.82,1994
ESO091-003,31.51,1682
NGC2748,31.22,1608
NGC2822,30.62,1399
ESO564-032,32.73,2554
ESO564-031,33.95,4951
ESO126-003,33.53,2699
UGC04867,33.56,2490
UGC04841,32.67,1250
ESO433-010,32.77,1903
ESO564-033,34.82,4965
UGC04879,25.68,14
NGC2811,32.58,2163
NGC2815,33.09,2332
NGC2821,33.30,2220
NGC2835,29.53,678
IC0529,32.33,2380
NGC2787,29.35,803
ESO061-008,33.22,3156
PGC026411,34.01,3258
ESO372-016,32.75,2201
ESO565-001,31.18,638
NGC2841,31.07,672
UGC04945,29.14,788
NGC2844,33.32,1471
ESO126-010,32.86,1925
IC2469,31.98,1442
NGC2865,32.87,2512
ESO498-003,32.53,2153
UGC04998,30.11,734
PGC1188501,36.54,14970
NGC2915,28.16,262
UGC01998,34.14,6352
NGC2894,33.87,2016
NGC2880,31.68,1562
NGC2904,31.84,2119
ESO434-010,32.80,2285
UGC05050,31.87,2313
ESO434-011,31.84,2340
PGC027054,34.10,4168
NGC2903,29.85,475
NGC2906,33.15,2160
UGC05086,29.36,404
PGC027130,32.40,1913
ESO373-008,29.93,703
PGC027158,32.83,2482
NGC2921,33.48,2759
NGC2919,32.90,2413
NGC2935,32.82,2069
NGC2930,35.13,7304
ESO565-029,32.24,2200
ESO373-012,32.50,2421
ESO091-016,31.01,1776
NGC2938,33.09,2415
PGC027509,34.81,6457
UGC05139,28.02,254
ESO373-019,32.86,2586
NGC2962,32.71,1822
ESO434-023,33.25,2313
PGC027747,32.65,1682
NGC2974,31.64,1728
PGC027810,33.52,2522
ESO373-021,33.49,2426
NGC2986,32.66,2123
UGC05209,30.09,502
ESO434-034,30.88,778
NGC2997,29.25,868
NGC3001,33.73,2248
UGC05228,32.06,1620
ESO037-005,31.48,948
UGC05234,34.98,5917
UGC05203,32.40,1682
ESO499-005,33.48,4089
NGC2976,27.77,107
UGC05245,32.06,1258
IC2510,32.46,2583
ESO566-014,33.71,4477
IC2511,32.89,2680
IC2513,32.70,2650
NGC3059,31.30,1051
PGC028308,33.17,2514
ESO499-009,32.77,1874
NGC2985,32.58,1441
NGC6962,33.65,4358
NGC3038,32.97,2566
PGC028380,33.11,2341
ESO374-003,32.43,2710
NGC3032,31.50,1493
NGC3045,32.47,2056
NGC3044,31.66,1143
PGC028529,27.95,66
NGC3054,32.61,2218
NGC3056,30.88,758
IC2522,32.38,2796
IC2523,31.17,2393
NGC3031,27.78,69
NGC3027,31.16,1176
NGC3034,27.79,340
ESO499-022,32.92,2004
UGC05340,30.53,461
PGC028731,27.82,322
UGC05336,27.93,160
PGC028759,27.92,207
ESO435-014,32.89,2450
ESO435-015,32.39,2200
UGC05349,32.17,1362
ESO499-025,32.07,2200
NGC3078,32.71,2352
PGC028826,27.91,189
ESO435-019,32.02,2595
NGC3087,32.70,2416
IC0582,34.59,7539
UGC05364,24.47,-17
NGC3089,32.30,2493
IC2531,32.76,2258
UGC05373,25.79,168
NGC3095,32.46,2516
UGC05376,33.06,1915
NGC3094,33.25,2308
ESO567-006,34.45,3524
PGC029086,30.86,495
NGC3109,25.56,193
IC2536,32.30,2511
ESO499-037,31.14,744
PGC029167,27.83,161
IC2537,32.73,2576
PGC029194,25.56,150
IC2539,32.47,2620
NGC3113,31.18,870
PGC029231,27.73,NA
UGC05428,27.81,-29
NGC3115,29.92,478
NGC3120,31.67,2570
UGC05423,29.74,465
NGC3057,31.16,1669
PGC029299,29.10,550
NGC3136,31.93,1490
NGC3124,32.86,3364
UGC05442,27.86,88
UGC05456,30.14,426
UGC05459,31.61,1160
ESO435-044,33.29,1984
UGC05470,22.11,175
IC2554,31.96,1183
NGC3137,31.09,893
NGC3145,33.47,3472
NGC3136B,31.62,1567
ESO435-050,33.35,2500
PGC029653,25.59,163
NGC3157,32.43,2623
ESO263-015,32.45,2301
IC2556,32.87,2286
NGC3153,33.33,2704
UGC05497,27.85,277
ESO436-001,32.92,2401
NGC3166,30.56,1197
NGC3169,31.52,1096
UGC05524,32.07,1571
NGC3175,30.80,879
IC2559,32.70,2768
IC2560,32.41,2705
NGC3147,33.48,2937
ESO213-011,31.40,2519
IC0600,31.91,1151
NGC3190,31.93,1248
NGC3155,33.43,3070
NGC3193,32.64,1299
NGC3184,30.33,597
NGC3223,32.70,2677
ESO263-031,32.20,2459
NGC3226,31.84,1235
NGC3227,31.54,1071
ESO436-014,33.29,3676
NGC3241,33.02,2802
ESO317-023,33.07,2534
UGC05642,33.10,2222
PGC030664,27.71,160
NGC3250,33.13,2577
IC0610,32.33,1102
ESO568-012,34.51,5500
ESO375-026,32.96,2910
PGC030719,35.85,9595
NGC3250C,33.12,2373
IC2574,28.01,153
NGC3257,32.66,2988
NGC3258,32.51,2584
NGC3256B,32.57,2489
NGC3254,32.80,1328
ESO501-001,33.63,3603
NGC3268,32.69,2583
UGC05692,27.97,171
UGC05689,33.35,2952
UGC05708,31.81,1047
ESO317-041,34.78,5649
NGC3258C,32.58,2346
NGC3270,34.61,6195
ESO263-051,32.20,2445
IC2588,33.46,3308
NGC3258D,31.45,2271
NGC3264,30.57,996
IC2589,32.06,3465
ESO436-034,34.39,3418
NGC4467,31.04,1323
ESO317-046,30.90,745
ESO501-011,33.84,3567
NGC3285,34.15,3183
ESO436-038,34.14,2546
ESO436-039,34.11,3278
IC2596,29.44,3174
NGC3281D,32.42,2428
ESO436-040,33.23,4222
NGC3252,31.53,1274
PGC031286,27.60,NA
NGC3285B,33.08,2750
UGC01281,28.61,273
NGC1156,29.46,444
UGC03137,31.73,1142
UGC03371,31.70,953
UGC03698,30.25,444
NGC2337,30.27,457
IC1727,29.27,457
UGC03817,29.66,458
UGC05272,29.26,481
UGC06446,31.28,716
NGC3366,33.11,2666
NGC4144,29.19,319
NGC4242,28.71,570
UGC07408,29.31,515
NGC4395,28.39,334
ESO501-022,33.75,2695
ESO501-023,29.23,842
ESO437-004,33.44,3094
UGC11861,30.79,1687
NGC3309,33.66,3886
NGC3311,33.23,3630
ESO501-037,33.02,3470
ESO437-012,33.02,3356
ESO437-014,32.90,2648
ESO501-041,33.89,3349
NGC3318,32.64,2554
NGC3306,33.20,2847
UGC05765,32.96,1934
ESO437-018,34.03,3158
ESO437-019,34.08,4160
ESO019-003,32.12,1812
ESO437-022,34.12,4180
ESO501-065,31.29,4208
ESO437-025,34.30,3192
NGC3310,31.13,1045
NGC3321,32.86,2316
ESO437-030,33.22,3552
ESO501-068,33.90,2878
ESO437-031,33.81,3676
UGC05797,30.09,573
NGC3320,32.64,2357
UGC05798,32.59,1573
ESO437-034,33.59,3561
ESO437-035,32.66,3187
NGC3347A,32.97,2567
NGC3347C,31.83,2442
ESO501-075,33.30,5030
ESO437-039,32.99,3538
ESO501-078,33.53,4238
ESO318-003,33.09,2548
ESO501-079,32.87,999
NGC3347B,32.94,2971
ESO501-080,30.48,846
NGC3347,32.15,2787
ESO501-082,34.28,4323
ESO376-016,29.20,454
NGC3344,29.96,534
ESO437-054,33.71,3261
ESO501-086,33.84,3531
ESO318-004,32.74,2721
ESO501-088,34.24,3686
ESO437-056,33.02,2721
NGC3361,32.14,1750
NGC3329,33.21,2028
NGC3370,32.37,1201
NGC3368,29.95,792
NGC3377A,29.85,481
NGC3377,30.09,590
ESO318-013,29.20,501
NGC3379,30.27,812
NGC3384,29.87,467
NGC3389,31.43,1204
UGC05918,29.35,439
NGC3412,30.25,750
NGC3414,31.99,1420
PGC032548,32.98,2317
ESO569-014,32.13,1867
NGC3419A,33.38,2988
ESO376-023,34.36,4547
UGC05974,32.00,918
ESO437-067,29.00,2978
NGC3432,30.16,611
NGC3449,33.28,3073
PGC032667,28.03,230
NGC3403,32.11,1389
UGC06023,32.22,1291
NGC3463,34.13,3764
2MASXJ01415126-0052365,37.43,28074
ESO437-072,33.80,3131
NGC2710,33.10,2628
PGC033043,35.19,6685
NGC3489,30.39,606
UGC06080,32.73,2262
PGC023374,34.89,4144
ESO265-003,31.23,1174
NGC3495,31.31,1009
NGC3488,32.89,3070
NGC3511,30.44,918
NGC3513,29.45,1008
ESO377-004,33.16,2946
ESO502-016,30.92,1317
NGC2541,30.35,576
NGC3521,30.47,669
SDSSJ215558.49-010413.0,37.60,21706
ESO377-010,32.97,2670
UGC06162,32.53,2262
NGC3526,31.43,1310
NGC3533,33.06,2914
ESO265-007,29.80,852
ESO438-005,32.09,1302
ESO502-020,31.31,1194
NGC3557,33.28,2849
UGC06211,36.97,17384
NGC3568,32.55,2232
ESO377-021,32.75,2556
NGC3556,29.96,767
NGC3585,31.49,1178
UGC06253,21.83,32
ESO438-015,33.01,3174
ESO377-031,33.28,2813
NGC3607,31.77,862
UGC06296,31.55,905
ESO377-034,31.88,2410
ESO319-011,33.35,2897
NGC3621,29.13,530
NGC0493,31.80,2501
NGC3614,32.70,2364
ESO570-019,32.01,1158
NGC3631,29.71,1226
NGC3640,32.14,1200
NGC3641,32.11,1664
UGC06378,31.68,1426
ESO319-016,34.93,2682
NGC3655,31.82,1430
NGC3663,34.33,4867
NGC3654,32.09,1691
NGC3672,31.85,1714
NGC3673,31.39,1752
NGC3675,31.26,797
UGC06456,28.32,39
ESO378-003,32.81,2820
NGC3692,33.03,1616
NGC3690,31.99,3213
NGC3697,34.96,6210
NGC3705,31.80,926
UGC06509,33.10,2848
NGC3717,31.26,1540
NGC3715,32.72,1961
NGC3752,32.03,2054
UGC06526,30.95,1852
NGC3726,30.64,908
UGC06541,28.13,303
ESO503-022,31.85,1692
NGC3729,31.62,1084
ESO320-004,31.54,2645
ESO378-011,33.53,3029
NGC3733,31.73,1254
NGC3738,28.62,295
NGC3735,32.88,2818
NGC3741,27.55,267
ESO320-014,28.89,454
PGC027776,33.45,3060
ESO439-018,35.53,8669
ESO439-020,34.24,3913
UGC06609,35.34,7662
NGC3786,33.20,2693
NGC3794,31.58,1461
ESO266-015,33.14,2987
NGC3811,33.13,3201
NGC3818,32.78,1561
PGC036330,34.43,7762
NGC3901,32.57,1828
PGC036643,31.80,1573
ESO440-004,32.65,1660
NGC3877,30.84,952
NGC3879,32.25,1552
NGC3887,31.30,1049
UGC06534,31.09,1356
UGC06757,28.32,178
UGC06773,30.78,982
NGC3893,31.30,1016
ESO440-011,28.44,1758
UGC06782,30.69,490
NGC3905,35.07,5625
NGC3904,32.24,1373
NGC3718,32.89,1058
NGC0955,31.80,1500
ESO320-026,33.42,2597
UGC06802,32.36,1317
UGC06816,32.16,969
UGC06817,27.12,269
NGC3923,31.51,1369
NGC3936,31.40,1844
ESO379-006,32.90,2758
ESO440-027,31.41,1526
ESO504-024,31.84,1716
IC2327,33.57,2539
ESO504-025,31.91,1460
NGC3953,30.48,1119
NGC3613,32.30,2100
NGC3956,31.72,1490
NGC3962,32.74,1705
ESO379-007,28.67,455
UGC06894,31.34,928
ESO572-018,31.59,1436
NGC3981,31.93,1555
NGC3976,32.64,2408
ESO572-022,32.42,1753
UGC06917,31.48,975
ESO320-035,32.39,2804
ESO572-024,32.17,1720
UGC06931,31.20,1289
NGC3990,30.04,774
NGC3992,32.01,1120
NGC3998,30.73,1124
NGC3457,31.56,1082
ESO572-030,31.01,1625
UGC06955,31.07,924
NGC4013,31.37,877
NGC4010,31.26,957
ESO572-034,30.11,956
NGC3435,34.53,5255
UGC06983,31.64,1152
NGC4027,30.45,1508
NGC3077,27.93,98
NGC4033,31.60,1462
ESO505-003,31.59,1621
NGC4034,33.12,2492
NGC4038,31.95,1477
NGC4039,30.62,1471
ESO440-044,29.82,2023
NGC4050,33.13,1611
NGC4051,30.25,749
NGC3245,31.58,1314
ESO572-049,32.38,1503
ESO505-008,31.28,1697
ESO505-009,32.67,1966
NGC4068,28.21,282
NGC4067,33.14,2343
NGC4064,29.59,885
NGC3683A,32.87,2483
ESO440-046,30.02,1577
NGC4085,31.41,849
NGC3701,32.98,2764
NGC4088,30.84,815
IC2995,31.12,1674
IC2996,31.88,2080
NGC4094,31.14,1293
UGC07086,32.31,2155
NGC4102,31.31,919
NGC4105,32.10,1697
ESO379-027,33.07,2673
NGC4111,30.86,825
IC3005,31.93,1546
NGC4116,31.17,1213
ESO441-007,31.79,2042
NGC4127,32.44,1958
NGC4120,32.32,2371
UGC07125,32.66,1090
NGC4129,31.32,1046
IC3015,31.94,1855
IC1251,33.51,1361
UGC07129,29.75,963
ESO441-011,32.31,1961
ESO441-012,32.37,2002
NGC4138,30.68,920
NGC4142,32.05,1235
ESO505-023,32.28,1508
PGC038685,28.43,358
IC0764,31.76,1961
ESO441-014,33.40,1989
NGC4151,27.95,1019
NGC4159,31.26,1896
NGC4157,31.11,845
NGC4162,32.06,2547
ESO321-010,32.93,2934
NGC2950,30.85,1397
NGC4163,27.38,183
IC3036,30.36,-70
NGC4173,30.66,1122
NGC4178,31.99,308
IC3044,31.24,-241
UGC07218,30.88,831
NGC3079,31.09,1222
NGC4190,27.26,179
PGC039018,31.90,-209
ESO321-014,27.59,425
NGC6181,32.63,2489
UGC07239,32.57,1146
UGC07242,28.68,180
UGC07249,32.19,545
ESO380-001,31.31,2508
IC3059,31.88,202
NGC4205,30.94,1549
PGC039145,27.36,NA
UGC07257,30.47,958
NGC4203,30.88,1094
PGC039159,29.83,2027
IC3066,32.19,313
ESO321-016,32.07,2993
ESO380-006,32.27,2763
NGC4212,31.14,-142
NGC4217,31.34,1062
NGC4214,27.37,313
IC3074,32.75,1913
NGC4216,30.70,76
NGC4222,31.48,172
NGC4219,31.60,1797
UGC07298,28.12,247
PGC039331,31.28,-37
NGC4236,28.22,123
IC3094,33.25,-221
ESO380-008,31.02,1927
NGC4026,30.65,1036
NGC4244,28.19,272
IC3105,30.75,-216
UGC07321,31.84,385
NGC6323,35.15,7986
NGC3659,31.67,1223
NGC4251,31.44,1063
NGC4256,33.02,2646
IC3104,26.86,242
NGC4258,29.41,514
UGC07356,29.31,328
IC3148,31.91,2406
NGC4273,32.23,2297
NGC3627,30.30,637
NGC4284,34.20,4294
NGC4283,30.96,987
NGC4291,32.54,1843
UGC07387,32.91,1648
UGC06390,32.20,1110
NGC4287,32.28,2061
NGC3610,32.56,1814
ESO573-014,34.92,6701
NGC4294,30.95,278
NGC4299,31.48,181
ESO321-025,30.97,1963
UGC07421,31.97,92
ESO380-019,33.00,2756
PGC040045,29.84,1252
NGC4314,33.20,984
NGC4331,31.59,1711
PGC040107,32.12,1338
NGC3626,31.49,1414
NGC4281,31.94,2647
NGC4324,31.19,1582
NGC4330,31.36,1553
ESO380-023,33.66,2564
IC3258,30.54,-486
IC3253,32.19,2530
UGC04753,32.28,1852
NGC4359,31.49,1260
NGC4356,31.01,1024
NGC4386,32.14,1791
NGC4365,31.81,1148
ESO380-025,31.57,2612
IC3284,35.79,7785
UGC05288,30.30,435
NGC4373,32.99,3237
NGC4376,31.73,1061
NGC4382,31.24,682
IC3311,31.47,-195
NGC4754,31.02,1272
NGC4389,30.73,770
NGC4373A,32.84,2747
UGC07512,30.37,1417
NGC4396,31.00,-159
ESO322-009,31.84,3366
NGC4402,30.47,181
PGC040665,28.79,346
NGC4411,30.79,1213
NGC4413,30.89,41
NGC4371,31.12,855
NGC4416,33.00,1321
PGC040747,30.99,NA
IC3356,30.41,1043
PGC040766,31.64,932
NGC4423,31.47,1046
UGC07559,28.48,246
NGC4255,32.29,1893
UGC07557,30.98,861
IC3365,31.33,2316
NGC4424,28.09,376
PGC040831,34.31,1773
NGC4431,30.45,887
NGC4428,32.93,2856
IC3371,32.49,856
NGC4434,31.73,1002
IC3370,32.12,2754
UGC07577,27.08,250
NGC4438,30.26,45
NGC4435,31.09,750
ESO380-034,32.30,2872
NGC4449,28.15,256
IC3383,31.02,1754
UGC07590,32.26,1053
ESO322-017,32.59,3221
NGC4450,31.08,1915
NGC4455,30.11,624
UGC07605,28.34,334
NGC3098,31.24,1241
NGC4451,32.08,796
IC3392,30.24,1628
NGC4458,31.06,625
NGC3589,31.97,2037
NGC4378,33.43,2478
UGC07612,32.65,1488
NGC4462,32.43,1645
NGC4464,30.98,1198
PGC041180,31.02,1324
IC3414,31.32,458
NGC3987,34.07,4333
NGC4474,30.93,1562
NGC4473,30.90,2200
UGC07639,29.42,446
NGC4472,31.10,911
NGC4477,31.08,1309
NGC4478,31.13,1336
NGC4490,29.82,632
NGC4485,29.75,528
NGC4480,32.82,2352
NGC3941,30.41,929
NGC4486,31.12,1230
NGC4486A,31.29,704
NGC4492,32.57,1678
NGC4487,30.25,921
IC3442,31.12,1285
NGC4494,31.11,1312
NGC4496A,30.82,1651
NGC4498,31.11,1468
NGC4501,30.24,2236
IC0797,31.83,2053
NGC4504,31.22,885
IC3470,31.01,1448
IC3476,30.32,-218
IC3474,31.38,1648
UGC07699,31.32,529
UGC07698,28.44,344
UGC07697,33.27,2508
IC3483,33.83,79
PGC041725,31.39,1185
NGC4523,29.03,217
NGC4520,35.33,7524
NGC4528,30.97,1315
NGC4527,30.75,1654
NGC4531,30.89,58
NGC4532,30.23,1944
NGC4535,30.87,1898
NGC4533,31.41,1677
NGC3938,31.44,848
UGC07739,32.70,1965
NGC4540,30.51,1244
PGC041918,32.24,1016
NGC4546,30.72,954
UGC07767,32.20,1288
NGC4548,30.97,438
NGC4551,31.03,1150
NGC4552,30.98,273
PGC041965,30.88,873
PGC041994,33.13,711
NGC4559,29.27,816
NGC4429,30.57,934
IC3576,31.11,1005
NGC3599,31.52,769
NGC4564,30.97,1079
IC3583,29.89,1073
NGC4570,31.14,1679
NGC4569,30.37,-267
NGC4346,30.76,840
ESO442-013,31.96,1362
PGC042134,28.94,493
NGC4578,31.04,2215
NGC4589,32.07,2144
PGC042160,31.03,994
NGC4574,32.93,2783
UGC07795,30.55,-7
NGC4579,31.50,1466
NGC4575,32.32,2800
ESO322-038,32.46,2946
ESO322-040,33.37,3172
UGC07802,31.56,1710
ESO322-042,32.71,3748
PGC042275,27.80,318
IC3617,31.27,2014
NGC4603A,32.47,3517
NGC4595,30.98,592
NGC4593,33.35,2364
NGC4594,29.67,968
NGC4596,30.35,1824
UGC07844,31.90,2004
NGC4602,32.65,2436
NGC4603,32.81,2412
NGC4606,30.49,1598
NGC4608,31.53,1787
NGC3440,33.00,1992
NGC4612,31.07,1813
NGC4619,34.95,6952
UGC07857,29.00,66
IC0807,35.06,10822
NGC4631,29.33,636
IC3687,28.30,396
NGC4603D,32.64,2535
NGC4616,32.96,4429
NGC4630,30.99,660
NGC4628,33.16,2709
NGC4632,30.55,1634
NGC4634,31.55,80
PGC042717,32.73,2345
NGC4550,30.92,359
NGC4638,31.18,1114
NGC4639,32.02,941
IC3391,31.82,1675
NGC4544,31.05,1077
NGC4642,33.10,2559
NGC4651,31.83,767
NGC4647,31.19,1362
UGC07908,31.14,1808
NGC4374,31.55,945
NGC4645,32.36,2434
ESO381-014,33.18,3135
NGC4660,30.86,1046
NGC4658,31.94,2286
ESO381-018,28.68,452
NGC4666,30.82,1433
NGC4624,30.16,821
IC3742,31.77,921
IC3735,31.14,1779
NGC4417,31.00,770
PGC043020,31.13,1374
ESO381-020,28.69,423
NGC4672,33.73,3113
NGC3689,33.28,2702
NGC4350,30.86,1204
UGC07943,31.78,772
NGC4680,32.91,2327
UGC07955,34.80,6763
UGC07949,27.39,368
NGC4693,32.42,1809
NGC4682,31.72,2211
NGC4684,30.63,1500
NGC4679,33.86,4479
NGC4536,30.81,1724
NGC4707,29.07,550
NGC4696D,32.76,2464
NGC4704,35.21,8200
NGC2592,32.03,1983
NGC4461,30.40,1874
NGC4697,30.44,1142
PGC043280,33.01,2680
ESO268-044,32.88,3306
NGC4696,32.79,2799
PGC043301,32.30,2142
PGC043319,34.30,3751
NGC4699,31.87,1289
NGC4700,29.09,1294
PGC043340,33.51,2961
PGC043341,31.49,1414
PGC043345,29.39,1198
NGC4712,34.73,4384
ESO322-101,32.16,1781
PGC043379,32.67,2705
NGC4708,34.03,4010
NGC4565,30.41,1222
NGC4710,30.18,1072
PGC043412,32.82,2705
NGC4709,33.16,4498
NGC3949,31.34,853
ESO268-046,31.85,2120
NGC4725,30.41,1208
PGC043458,32.40,2280
NGC4736,28.21,366
NGC4731,30.58,1393
NGC4733,30.82,882
NGC4749,32.56,1883
NGC4729,32.39,3164
NGC4742,30.93,1162
NGC4746,32.43,1738
NGC2775,33.19,1221
PGC043679,32.08,2150
PGC043690,33.08,2449
ESO323-025,33.48,4052
ESO323-027,33.26,3680
NGC4767A,33.28,2741
NGC3684,31.57,1092
ESO323-034,32.67,4143
ESO507-041,32.58,3026
ESO507-042,33.17,3079
NGC4192,30.52,-170
NGC4775,30.27,1468
NGC4779,32.95,2797
NGC4379,30.98,1005
NGC4767,32.58,2889
NGC4789A,28.03,383
NGC4781,30.46,1154
NGC4800,32.30,934
NGC4786,34.11,4529
PGC043970,32.39,2358
UGC08052,32.32,1686
ESO443-009,28.88,493
ESO323-042,32.62,4028
NGC4460,29.89,543
NGC3430,32.40,1563
PGC044055,28.42,402
NGC4808,31.21,697
NGC4802,30.29,918
ESO219-010,28.34,NA
NGC4440,31.19,670
IC3908,31.41,1198
NGC4826,28.22,399
NGC4818,30.18,964
NGC4394,31.96,879
NGC3608,31.78,1144
PGC044278,31.85,1165
NGC4457,30.15,803
PGC044358,31.69,1378
PGC044351,34.81,6065
NGC4835,31.52,2008
PGC044416,33.81,7623
UGC08091,26.61,186
PGC044506,31.34,1508
PGC044532,29.99,873
NGC4856,30.75,1222
IC3976,35.66,6802
NGC4866,32.36,1954
PGC044636,35.60,6831
ESO443-021,33.34,2660
NGC4261,32.51,2142
PGC044652,33.99,6919
UGC08120,31.95,1808
ESO269-028,33.64,3100
PGC044679,35.24,7580
ESO381-041,31.91,2420
PGC044784,33.88,5477
NGC4897,33.37,2445
NGC4904,31.09,1113
NGC4902,33.37,2516
ESO507-067,32.66,2912
ESO381-051,33.94,4846
UGC08146,31.52,772
PGC044982,31.47,627
ESO219-021,30.88,1195
PGC045084,29.20,622
ESO443-041,34.31,4722
ESO443-042,32.97,2762
ESO269-037,27.49,568
NGC4930,30.58,2420
NGC4941,31.55,1022
NGC4939,32.82,3009
NGC4947A,32.58,2425
NGC3486,30.68,647
NGC4948,30.01,1234
ESO575-053,32.46,2411
NGC4947,31.96,2247
NGC4945,27.70,386
NGC4946,33.37,2942
IC4182,28.20,362
NGC4958,30.76,1204
UGC08201,28.42,162
PGC045370,30.47,891
ESO508-007,32.16,2848
NGC4197,31.99,1998
ESO508-011,32.19,2476
PGC044736,35.49,6915
UGC08215,28.29,297
ESO575-061,32.52,1521
UGC08245,28.37,98
NGC4976,29.66,1235
ESO323-085,30.43,2959
ESO269-052,33.80,3040
NGC4981,31.65,1588
UGC08229,34.54,6007
NGC4980,31.16,1284
NGC4995,32.26,1651
PGC045650,32.21,2458
NGC4303,30.45,1484
ESO508-019,32.99,2826
ESO269-057,33.21,2933
UGC08246,31.62,849
ESO443-079,32.12,1983
ESO576-001,34.48,2756
ESO269-058,27.87,227
ESO576-003,32.39,2834
UGC08261,33.23,898
ESO443-080,33.23,1976
ESO576-005,34.12,2634
NGC4274,31.44,926
NGC4753,31.50,1159
NGC4621,30.84,389
NGC5023,29.09,478
NGC5011A,32.51,3001
IC4213,31.52,860
PGC045877,32.33,2641
NGC5011,33.11,2943
ESO443-083,31.53,2227
NGC5018,32.91,2722
ESO576-011,32.56,2636
ESO269-066,27.87,615
ESO269-068,27.87,480
NGC3504,32.56,1503
UGC08308,28.13,242
NGC5022,32.77,2881
NGC5032,35.63,6417
NGC4036,31.60,1472
UGC08320,28.13,270
NGC4030,32.17,1352
UGC05740,32.05,693
PGC040411,31.05,843
ESO443-085,31.42,2251
UGC08331,28.22,348
NGC5044,32.45,2581
NGC3611,32.89,1503
IC3591,31.28,1567
NGC5042,30.66,1259
UGC08333,31.66,953
PGC021831,33.88,4678
NGC5051,34.51,4277
NGC3813,31.66,1474
ESO508-034,31.95,1777
NGC5054,30.86,1629
IC4216,32.75,2745
PGC046261,33.10,2530
ESO382-031,31.38,1715
IC4214,32.66,2166
NGC5061,32.31,1900
NGC4636,30.74,848
ESO576-026,31.63,1825
NGC5068,28.56,550
NGC5064,33.19,2834
NGC5073,32.42,2638
ESO382-041,32.28,1601
NGC4267,30.97,925
ESO576-032,30.39,1504
NGC3898,32.80,1253
ESO269-085,31.48,2698
NGC4701,31.16,651
ESO382-045,30.69,1306
NGC5084,31.21,1598
NGC5088,31.45,1337
ESO508-051,32.66,2003
ESO576-040,32.33,1963
NGC5109,31.80,2242
NGC5090,32.88,2782
NGC5104,34.31,5502
NGC5107,31.42,1004
ESO040-007,32.02,2492
NGC5101,32.53,1723
PGC046663,27.99,575
NGC5105,32.66,2805
NGC5102,27.92,315
PGC046680,27.92,NA
PGC046710,34.53,6746
NGC3021,32.60,1508
NGC4442,30.90,469
NGC4486B,31.03,1437
NGC5117,32.64,2418
IC4231,32.23,2131
NGC6462,36.17,11715
IC4232,35.54,9352
UGC06969,31.95,1185
NGC3623,30.55,717
NGC4605,28.72,256
ESO508-067,35.19,7429
NGC4377,31.22,1311
IC4237,32.14,2540
PGC040408,32.17,1675
PGC046885,28.39,349
ESO576-050,31.00,1860
UGC06923,31.10,1157
NGC5005,31.66,997
NGC4698,31.70,953
NGC5134,28.80,1638
NGC5128,27.83,391
ESO508-075,35.44,9813
NGC5121A,31.22,1283
IC3517,30.99,381
NGC4183,31.11,966
NGC4414,31.11,744
IC4247,28.57,282
ESO382-067,32.93,2325
ESO444-037,32.61,1760
ESO324-023,30.77,1288
ESO324-024,27.89,357
NGC5152,34.61,3766
NGC4406,31.20,-342
NGC4340,30.83,907
NGC4125,31.87,1502
UGC06686,34.43,6475
UGC08318,32.96,2372
NGC2750,29.98,2604
NGC5161,31.63,2246
ESO383-005,33.54,3465
NGC5204,28.30,318
NGC3596,32.21,1113
NGC5170,32.33,1395
NGC5194,29.67,548
NGC5195,29.40,560
NGC0936,31.36,1448
NGC5205,32.63,1887
UGC08508,27.07,168
PGC047514,34.15,4122
NGC5188,31.80,2271
NGC4383,31.23,1666
NGC5193,33.23,3567
NGC4409,30.91,1559
NGC5218,33.45,2983
NGC4254,30.55,2355
NGC5206,27.53,418
NGC5229,30.14,483
ESO270-017,29.21,668
ESO040-012,32.91,2479
ESO383-032,34.89,7067
ESO509-074,32.71,2475
ESO444-078,28.67,442
IC4296,33.58,3642
NGC5236,28.45,377
NGC5219,32.03,2382
ESO444-084,28.35,460
NGC5248,30.39,1128
NGC5237,27.61,206
ESO444-086,33.97,3908
NGC5247,29.89,1255
ESO324-044,32.50,2384
NGC5254,32.26,2232
UGC08651,27.47,276
NGC5253,27.68,274
IC4316,28.19,451
UGC08658,32.66,2128
NGC5283,33.23,3274
UGC10713,32.57,1261
NGC5264,28.24,349
NGC2712,32.45,1829
NGC4419,31.20,-270
PGC048515,27.83,NA
ESO445-015,34.36,4248
ESO383-067,33.24,3963
UGC08693,33.08,2500
ESO325-011,27.66,396
NGC5289,33.23,2598
NGC5297,32.31,2492
UGC08726,32.39,2409
NGC4772,32.18,965
UGC08737,32.86,1924
UGC08733,32.40,2422
ESO383-087,27.52,191
UGC08742,32.25,2333
ESO383-088,33.63,4106
NGC5304,34.01,3648
ESO383-091,30.74,939
PGC049153,35.88,8562
UGC08756,32.42,1411
UGC08760,27.58,262
ESO384-002,30.73,1258
NGC4215,31.78,1990
UGC08795,32.91,2373
ESO445-066,34.99,7134
NGC5348,31.01,1425
NGC5452,32.60,2226
UGC08837,29.30,258
NGC5362,32.08,2177
UGC08833,27.55,292
PGC007299,36.70,13801
NGC5363,33.75,1110
NGC5377,32.32,1895
NGC5364,30.97,1215
ESO384-015,32.85,3418
ESO445-081,34.80,4239
NGC5365A,32.53,2612
ESO384-016,28.26,373
ESO510-026,31.75,2256
IC4351,32.41,2555
ESO445-085,34.39,4163
NGC5322,32.45,1928
NGC4649,31.16,1059
ESO221-022,32.67,2756
NGC4459,31.00,1137
NGC5425,32.55,2179
NGC3274,29.08,485
NGC5398,29.65,1095
IC0776,32.53,2397
UGC07019,31.22,1637
NGC5440,33.66,3760
NGC5408,28.63,366
NGC5427,32.26,2636
ESO384-043,34.48,4284
NGC5474,29.18,376
NGC5477,29.15,435
NGC5468,33.40,2793
NGC5464,32.13,2575
ESO325-055,34.05,3897
NGC5055,29.78,574
NGC2778,31.78,2002
NGC5490,34.44,4878
NGC4289,33.27,2526
NGC4145,30.44,1042
NGC4448,31.89,688
ESO446-023,35.37,6825
NGC5496,31.77,1500
UGC08067,33.11,2669
NGC5520,32.91,1991
NGC5494,33.39,2504
ESO097-013,28.12,267
ESO271-022,33.07,2876
NGC5526,32.13,2182
IC4386,31.54,1736
NGC5523,31.67,1092
PGC050911,29.74,454
UGC09128,26.80,195
NGC5533,33.38,3942
IC4390,31.52,1981
PGC051017,30.70,713
IC4393,33.11,2644
NGC5530,30.30,1057
NGC5557,32.58,3295
ESO385-008,33.78,3630
NGC4600,29.83,758
NGC5585,29.64,434
UGC09169,30.96,1278
NGC5566,31.52,1526
NGC5556,31.10,1278
NGC5582,32.25,1528
NGC3686,31.01,1090
ESO446-051,35.12,7126
NGC5576,32.01,1423
IC4402,31.17,1513
ESO446-053,31.17,1287
PGC051291,32.68,2702
UGC09206,31.01,2308
NGC5608,31.24,765
IC4407,33.37,2679
NGC5611,31.99,2031
ESO041-006,31.21,2397
NGC5592,33.49,4241
NGC5595,32.29,2635
NGC5604,33.27,2719
UGC09240,27.25,258
NGC4643,30.39,1249
UGC09242,31.93,1561
NGC3985,31.05,1039
PGC051523,30.79,1665
NGC5631,32.20,2086
IC4423,35.97,9130
ESO001-006,32.41,2054
NGC5577,31.42,1476
NGC5671,35.21,9138
PGC051659,27.79,255
UGC09291,32.92,2983
PGC041723,31.29,780
NGC5638,32.08,1650
ESO385-031,32.84,3000
NGC5653,33.22,3638
ESO385-032,32.85,2722
NGC5645,30.87,1371
ESO385-033,32.12,2938
NGC5673,32.89,2205
NGC5665,31.20,2243
IC1029,33.56,2502
ESO447-019,33.20,3769
NGC5658,31.82,1604
NGC5643,30.34,1059
NGC4339,31.06,1216
UGC09391,33.00,2047
NGC4503,30.35,1297
UGC04655,34.87,6062
ESO447-023,33.55,3682
UGC09380,31.68,1682
NGC5687,32.21,2245
NGC4307,31.84,986
UGC09405,28.82,355
UGC09389,32.71,1858
UGC09401,35.21,5679
NGC5690,31.45,1752
IC4468,32.17,2377
NGC5720,35.41,7909
NGC5688,32.63,2667
NGC5705,31.60,1748
NGC5713,30.69,1939
IC4472,32.33,2739
PGC052460,32.44,1848
NGC5728,32.22,2729
UGC09482,32.97,1794
IC1048,32.09,1584
ESO386-016,35.54,7177
NGC5746,32.16,1709
ESO022-003,32.74,2570
ESO580-022,31.69,2159
NGC5033,30.84,925
PGC052809,31.13,2141
IC1055,33.17,2861
ESO580-029,32.66,2527
NGC5756,31.92,2094
PGC052853,32.83,1998
PGC052882,35.19,12575
NGC3917,31.15,1031
ESO580-041,32.33,2888
UGC08084,31.82,2709
PGC053093,33.19,2541
PGC053134,30.90,1940
NGC3646,33.78,4192
NGC4180,32.72,2112
ESO580-049,33.60,3919
NGC3003,31.41,1449
NGC4623,31.17,1726
NGC5783,33.00,2499
NGC5775,31.28,1686
UGC06583,34.77,6174
NGC5832,29.90,611
NGC4278,31.34,622
NGC5792,32.07,1923
ESO273-014,28.21,926
NGC5786,32.02,2867
ESO327-039,31.82,2806
UGC09640,35.74,10072
NGC5812,32.13,1899
PGC053634,33.01,2887
NGC5813,32.52,1965
ESO223-009,29.00,462
NGC4100,31.50,1178
NGC4526,30.93,515
PGC053750,35.07,6362
PGC053764,32.99,2414
NGC5831,32.15,1640
PGC053779,31.59,1840
PGC046239,35.83,8971
PGC053796,33.38,2894
UGC09682,32.94,1823
NGC5337,33.51,2204
NGC5839,31.75,1241
NGC5845,32.57,1462
NGC5866,30.80,821
NGC5846,31.96,1761
NGC4143,31.53,1002
UGC09749,19.29,-92
NGC5861,31.91,1835
UGC09746,32.24,1751
UGC09758,35.11,6586
NGC5833,32.52,2875
UGC09760,32.25,2038
IC4536,31.70,2239
ESO581-025,32.05,2222
NGC5878,32.25,1961
ESO274-001,27.23,407
NGC2549,30.49,1140
PGC054411,31.53,1324
NGC5899,33.15,2714
NGC5907,31.18,818
UGC09798,35.81,11336
NGC5898,32.30,2073
NGC5903,32.63,2506
ESO514-007,32.33,2243
ESO582-004,32.81,2177
ESO387-026,33.75,4285
PGC054817,32.61,1932
NGC5921,30.73,1470
NGC4262,30.92,1317
NGC5308,32.27,2142
PGC054944,31.50,2010
ESO514-014,34.28,3636
NGC5869,31.98,2085
NGC5770,31.37,1488
ESO582-012,31.91,2271
UGC10791,32.73,1519
UGC09856,32.92,2608
NGC5949,30.58,593
NGC4150,30.92,237
ESO329-007,34.00,4523
NGC5937,32.86,2824
NGC4762,30.17,929
ESO514-022,34.14,4388
IC1129,33.56,6712
NGC5938,32.12,3361
NGC5981,33.57,2692
NGC5970,32.23,2022
NGC5982,32.88,2993
NGC2990,33.17,2944
NGC5985,33.73,2682
NGC4437,29.62,1037
UGC09992,30.26,598
UGC09977,32.34,1949
NGC5980,33.50,4164
NGC0428,30.85,1225
NGC5984,31.44,1165
UGC09991,33.07,2010
IC4582,32.86,2255
UGC10014,32.95,1193
NGC5990,33.34,3868
UGC10030,35.46,8956
IC4555,32.06,2502
NGC5967,32.62,2746
UGC10041,32.60,2221
NGC6000,32.65,2141
ESO515-010,34.39,5694
UGC10058,34.21,2256
NGC6015,31.15,1002
PGC056286,36.29,11091
PGC012868,31.78,2233
NGC0625,28.01,316
NGC6010,32.33,2079
UGC10095,32.47,2022
PGC056437,34.24,4830
NGC6017,32.35,1855
ESO583-008,35.65,7377
NGC4758,30.65,1212
ESO009-001,32.54,2397
PGC017716,29.05,286
IC1158,32.12,1976
NGC1560,27.38,106
UGC10194,32.42,1044
NGC4656,28.60,665
ESO451-008,34.58,4635
NGC7667,31.25,2824
NGC4321,31.01,1528
ESO516-008,35.00,7096
NGC6070,32.09,2055
UGC10244,35.76,10011
UGC10261,37.43,19156
ESO136-024,33.53,4385
UGC12678,36.08,9138
ESO584-007,35.65,9493
UGC10288,32.66,2096
ESO137-006,34.56,5328
ESO137-007,33.19,4839
ESO137-010,33.64,3283
IC4596,35.83,7606
NGC6106,31.89,1527
NGC4081,31.33,1605
IC4595,32.87,3274
ESO137-018,28.84,484
NGC6118,31.60,1622
NGC6172,34.64,5074
UGC00040,35.02,7688
NGC6168,32.45,2642
UGC10445,31.23,1100
UGC10483,36.20,12384
ESO517-013,35.76,8275
PGC058798,31.64,1619
NGC6207,30.94,1012
NGC6237,31.83,1318
NGC6236,31.79,1466
NGC6239,31.93,1098
NGC6221,30.22,1376
NGC6255,31.49,1082
NGC6261,36.11,10698
ESO138-010,30.29,1035
UGC10704,37.05,19504
ESO138-013,31.79,2611
ESO138-014,31.66,1395
UGC10721,33.29,3070
NGC0672,29.29,545
NGC0784,28.65,303
UGC10738,35.18,6820
UGC02134,33.08,4677
UGC10743,33.05,2680
PGC059808,35.05,8275
IC4633,32.28,2794
UGC12721,35.09,7786
NGC7741,30.69,931
UGC12792,35.58,11693
PGC072968,35.41,8081
PGC059955,35.74,9327
PGC085512,35.79,8220
NGC6339,31.99,2290
UGC10780,35.00,6851
NGC6300,30.15,997
PGC138451,29.47,478
PGC166062,29.24,543
PGC166063,29.69,486
PGC166064,28.74,323
PGC166065,28.52,280
UGC10822,19.53,-101
IC4660,30.04,1434
AGC112521,28.92,399
NGC6365,35.27,8216
ESO138-024,31.96,2762
NGC6395,31.52,1357
UGC10887,32.82,2027
UGC10852,32.56,2907
NGC6368,32.61,2894
NGC6372,33.07,4913
UGC10874,35.53,6968
PGC060376,35.42,8883
NGC6384,31.93,1783
NGC6411,33.86,3947
IC1265,33.00,2356
NGC6434,33.07,2682
ESO009-010,32.16,2259
PGC060771,36.24,1992
IC4662,27.03,196
UGC10985,31.07,1949
NGC6503,28.99,238
NGC6460,33.25,3506
UGC11001,33.78,4363
NGC6467,33.26,3195
UGC11003,33.15,4212
NGC6484,33.61,3284
UGC11021,34.61,5367
UGC11030,32.22,1875
NGC6495,33.26,3293
UGC11041,34.23,5048
UGC11050,34.27,5050
UGC11055,32.93,3091
UGC11060,34.12,4843
UGC11064,35.09,7222
UGC11074,32.05,2029
ESO139-046,32.10,2721
ESO139-049,32.28,2658
PGC061289,34.03,4825
UGC11093,31.68,2096
UGC11097,34.47,4771
PGC061353,32.19,1932
NGC6548,31.79,2357
UGC11132,33.53,3035
NGC6575,35.03,7072
UGC11142,34.15,4690
NGC6574,32.95,2444
ESO140-006,31.84,2282
NGC6585,32.48,3032
NGC6586,32.84,3312
UGC11182,34.00,4495
IC4694,32.46,2690
PGC061658,30.55,3146
UGC11188,33.70,5454
UGC11194,34.02,4917
ESO182-010,31.68,3478
UGC11198,34.03,4689
NGC6643,31.53,1683
NGC6627,34.33,5434
PGC061808,35.37,8275
NGC6651,34.17,5962
IC4710,29.34,630
UGC11255,35.38,9937
UGC11254,33.79,5182
UGC11260,35.20,6385
NGC6667,33.21,2792
UGC11295,33.08,2566
UGC11275,35.23,5655
NGC6662,34.77,5515
IC4721,31.48,2157
NGC6689,30.62,694
UGC11289,33.56,4177
NGC6675,32.91,2702
UGC11301,34.30,4675
NGC6674,33.70,3619
UGC11334,35.01,4773
UGC11317,34.96,6777
UGC11320,34.37,3888
UGC11328,34.82,5862
NGC6695,35.28,5703
UGC11344,33.83,4025
NGC6673,30.16,1060
UGC11350,34.13,4887
IC4758,33.87,4387
NGC6702,34.18,4941
NGC6703,32.11,2512
NGC6684,30.70,773
UGC11371,33.43,3944
UGC11377,34.95,7664
ESO396-007,34.34,5863
ESO104-022,29.76,698
ESO281-038,33.78,4939
IC4797,32.22,2654
UGC11380,32.19,3090
UGC11385,33.15,3300
NGC6750,33.02,3904
IC4810,32.71,3117
UGC11394,34.06,4432
UGC11404,32.88,4114
IC4819,31.55,1764
NGC6764,31.90,2634
UGC11411,29.09,278
IC4821,31.99,2638
NGC6744,29.80,758
ESO282-018,33.97,5584
ESO104-044,29.94,679
NGC6754,32.90,3198
ESO593-003,35.13,8294
ESO459-006,34.47,5776
IC4830,33.80,4377
IC4837A,33.56,2790
UGC11422,32.58,4877
NGC6789,27.75,50
UGC11426,33.30,4626
NGC6792,34.48,4863
NGC6796,32.86,2410
UGC11433,33.58,4654
UGC11435,32.84,3969
ESO397-018,34.09,5432
ESO525-004,34.61,6147
NGC6788,33.18,3110
NGC6801,33.23,4586
UGC11455,34.73,5602
ESO594-004,25.17,7
IC4871,31.96,1859
UGC11459,33.38,3347
IC4870,29.65,780
PGC063540,34.47,6094
UGC11466,31.05,1046
PGC063556,29.65,1628
ESO460-031,34.59,5853
NGC6822,23.32,44
IC4889,32.31,2501
ESO398-029,34.44,5686
UGC11477,32.87,3940
ESO594-017,31.32,1828
ESO461-006,34.44,5986
UGC11492,33.06,3791
ESO526-011,34.65,5917
IC4901,31.26,2070
PGC063832,34.07,4987
ESO339-008,34.17,5684
UGC11498,33.95,3430
PGC063925,36.36,12078
IC4919,33.95,4210
NGC6869,32.51,2952
PGC064024,35.23,7300
NGC6851,32.77,3022
ESO461-036,29.21,470
ESO595-010,32.32,2319
UGC11515,30.35,3475
IC4943,32.48,2885
NGC6861,32.22,2797
IC4951,30.27,734
NGC6868,32.14,2922
NGC6861F,31.83,3171
NGC6875A,32.32,3157
UGC11527,34.31,5637
PGC064373,34.89,5698
ESO340-008,32.92,2839
NGC6887,32.39,2662
ESO340-009,32.29,2593
IC4964,32.97,3044
UGC11537,34.33,5558
NGC6911,32.45,2704
ESO340-017,32.98,2627
ESO527-019,32.98,3189
PGC064534,34.40,5778
UGC11545,31.20,3179
NGC6901,34.32,4959
NGC6916,33.31,3328
NGC6906,34.08,5027
NGC6902,32.33,2786
UGC11552,34.42,4709
UGC11551,33.70,5049
ESO026-001,30.55,2628
NGC6907,33.18,3246
ESO400-025,32.50,2210
NGC6909,32.73,2758
UGC11568,33.71,4412
PGC064812,33.85,5731
UGC11583,29.14,342
ESO340-038,33.70,5536
UGC11579,34.89,6029
NGC6923,32.55,2876
UGC11584,34.75,5511
ESO234-043,31.40,2415
NGC6928,33.98,4895
NGC6930,34.13,4763
NGC6925,32.37,2827
NGC6946,29.14,272
ESO340-042,31.63,2663
UGC11595,33.64,4175
NGC6949,32.35,2984
PGC065022,35.02,5934
UGC11603,33.89,5423
UGC11599,33.97,4635
NGC6951,31.60,1645
PGC065131,33.20,4039
UGC11613,32.79,2893
PGC065211,32.87,3087
IC5039,31.67,2757
UGC11635,34.27,4996
IC5007,32.56,2766
NGC6943,32.24,3012
ESO285-048,32.25,2701
ESO234-069,33.94,4341
PGC065367,24.94,-26
IC5026,32.63,2614
PGC065506,34.94,6153
IC5052,28.71,483
UGC11648,32.86,3584
UGC11647,35.29,8203
NGC6986,35.35,8633
UGC11651,31.59,1740
UGC11656,34.04,4766
NGC7003,33.99,5505
IC5071,32.45,3008
IC5078,31.51,1573
UGC11677,34.41,5160
NGC7014,33.57,4742
IC5084,33.69,3051
ESO342-013,31.35,2657
PGC066242,32.62,2375
NGC7029,32.90,2757
NGC7040,33.05,6295
ESO107-015,32.81,3268
UGC11706,34.61,4931
NGC7046,33.70,4327
UGC11711,36.09,9172
ESO107-016,32.49,1706
NGC7047,34.80,5940
NGC7041,32.03,1920
UGC11738,34.24,4424
UGC11719,35.97,8743
PGC066548,30.96,1149
NGC7049,32.36,2235
UGC11723,34.26,5045
PGC066592,33.63,4226
UGC11725,35.34,6433
ESO287-009,32.60,2669
IC5104,34.06,5163
ESO287-013,32.47,2677
PGC066738,33.37,3076
IC5105B,31.73,2254
NGC7059,31.55,1662
ESO342-050,32.06,2672
NGC7064,30.19,759
UGC11758,35.08,8805
IC5119,34.82,5509
NGC7091,31.19,2589
UGC11768,35.32,6810
NGC7083,32.59,3018
NGC7090,29.89,799
ESO287-043,32.13,2477
IC5120,32.86,3228
NGC7097,32.53,2598
ESO011-005,33.25,2825
NGC7112,34.26,6035
UGC11799,34.45,5570
ESO403-017,31.82,2728
ESO403-024,31.86,2635
UGC11818,31.78,2613
NGC7131,34.39,5527
ESO403-031,32.59,2552
NGC7126,32.78,2970
UGC11833,35.08,5462
NGC7140,32.14,2922
UGC11838,33.59,3691
UGC11839,34.95,6164
NGC7144,31.93,1896
NGC7145,31.83,1863
ESO145-025,31.10,1776
IC5145,35.35,7554
NGC7151,31.80,1827
ESO404-012,32.90,2672
UGC11862,34.46,6064
NGC7162A,31.50,2261
NGC7177,31.51,1343
ESO404-017,33.15,2535
NGC7171,33.20,2823
ESO404-018,32.42,2303
ESO466-036,33.76,2418
NGC7173,32.46,2533
NGC7168,32.70,2803
NGC7180,31.24,1519
ESO601-007,31.78,1866
NGC7184,32.62,2700
IC5152,26.46,83
NGC7185,31.49,1868
ESO532-014,31.84,1787
IC5156,32.85,2552
NGC7188,30.83,1841
UGC11891,29.64,688
ESO404-027,32.70,2581
UGC11893,35.44,5786
UGC11895,34.02,4942
NGC7179,33.24,2884
NGC7196,33.25,2850
UGC11909,30.73,1332
UGC11918,33.95,4301
NGC7192,32.87,2869
NGC7200,32.69,2871
NGC7217,32.10,1167
NGC7205,31.14,1621
ESO048-017,31.87,2785
UGC11921,31.51,1860
NGC7213,32.40,1731
NGC7218,32.00,1752
ESO601-025,31.53,1815
IC5171,32.45,2811
NGC7222,36.59,12531
UGC11941,35.30,7063
UGC11946,34.77,5758
ESO288-049,30.81,1946
NGC7231,30.80,1312
ESO146-014,31.48,1608
ESO533-004,32.86,2648
UGC11961,34.29,4384
IC5176,32.12,1645
IC1441,34.51,5356
UGC11967,34.04,5250
NGC7241,33.80,1642
ESO237-049,32.76,2885
IC5179,33.19,3427
ESO289-010,32.72,2742
UGC11973,33.56,4438
UGC11977,36.42,11502
NGC7247,32.32,2535
ESO237-052,32.43,2862
NGC7250,30.68,1389
PGC068560,35.52,8456
UGC11994,34.04,5092
IC5201,29.99,892
NGC7264,34.70,4495
ESO238-005,29.52,673
ESO602-015,33.21,2752
ESO027-008,32.36,2350
NGC7259,31.52,1761
UGC12010,32.27,2970
ESO289-026,31.61,2415
NGC7282,33.38,4764
NGC7280,31.66,2045
PGC068872,35.08,7752
ESO533-028,32.63,2620
NGC7292,29.17,1197
NGC7290,33.08,3087
UGC12054,32.83,2233
UGC12069,31.94,2566
NGC7302,31.86,2767
UGC12071,36.09,10607
PGC069160,36.22,10506
NGC7307,31.67,2076
NGC7311,33.76,4697
NGC7314,30.99,1479
PGC069284,35.13,7283
NGC7331,30.81,1031
NGC7332,31.79,1379
NGC7328,33.01,2994
NGC7339,31.70,1533
UGC12123,33.72,4281
UGC12141,32.89,2282
UGC12135,33.36,4213
PGC069404,31.21,3039
UGC12133,35.32,7588
NGC7347,32.43,2408
PGC069448,32.37,3101
NGC7329,33.26,3149
ESO468-020,26.75,124
UGC12160,32.04,1756
ESO289-048,32.49,2817
PGC069519,24.82,99
UGC12158,35.46,9478
NGC7361,30.89,1285
UGC12165,34.36,6739
UGC12173,33.76,4991
UGC12178,31.93,2086
NGC7368,32.45,2352
PGC069691,32.92,2689
IC5249,32.60,2269
NGC7378,32.10,2666
ESO346-001,32.83,2330
UGC12204,35.14,6940
UGC12212,31.93,1096
NGC7392,33.10,3223
NGC7407,34.95,6634
UGC12234,33.70,6517
NGC7400,32.77,2972
NGC7410,33.02,1735
ESO346-014,33.31,2691
UGC12249,35.26,7750
NGC7416,32.57,2976
UGC12252,35.31,7318
NGC7412,29.50,1692
IC5269A,32.84,2879
NGC7418,31.10,1451
IC5269B,31.59,1670
NGC7418A,32.71,2109
NGC7412A,27.08,911
IC1459,32.31,1800
NGC7424,29.56,925
ESO603-031,32.75,2342
PGC070107,32.62,5929
IC5269,32.02,2036
IC5270,31.96,1931
IC5271,31.80,1736
IC1461,35.82,9427
UGC12281,32.65,2738
IC5273,30.80,1294
NGC7448,33.12,2367
NGC7457,30.77,1014
NGC7454,31.87,2184
UGC12307,33.54,2975
UGC12308,32.86,2390
NGC7461,33.80,4411
NGC7463,31.79,2404
UGC12320,34.73,6825
NGC7456,30.83,1194
ESO406-042,31.35,1376
UGC12321,33.69,2331
NGC7462,29.92,1049
NGC7469,34.25,5068
ESO469-008,33.12,1793
NGC7479,32.40,2546
UGC12344,32.16,1810
IC1468,36.05,9735
UGC12350,32.05,2312
UGC12355,34.83,7910
UGC12388,34.07,4736
ESO469-015,32.14,1659
NGC7497,31.10,1885
ESO407-007,32.24,1633
NGC7496,29.34,1626
PGC070600,35.55,9786
UGC12410,35.30,7285
NGC7507,31.97,1638
ESO407-009,32.19,1568
IC1474,33.18,3638
NGC7513,31.01,1596
UGC12430,33.12,3873
NGC7537,32.82,2818
NGC7541,32.90,2820
NGC7531,31.93,1571
UGC12451,32.78,3779
UGC12458,35.52,7054
ESO291-011,36.39,12951
NGC7562A,33.02,3650
NGC7552,32.29,1586
PGC070927,33.48,3732
ESO407-014,32.68,2750
NGC7593,33.65,4266
NGC7591,33.72,5101
NGC7582,31.41,1560
UGC12504,33.58,2635
NGC7590,31.95,1563
UGC12494,33.33,4354
NGC7606,32.75,2317
UGC12501,33.80,3966
IC5309,33.33,4337
UGC12497,32.47,3911
NGC7608,33.17,3672
NGC7599,31.83,1658
NGC7610,33.20,3709
UGC12519,33.40,4546
NGC7619,33.60,3912
NGC7626,33.23,3551
UGC12535,32.57,4366
PGC071159,32.09,4022
UGC12538,33.44,5099
PGC071171,32.74,4146
NGC7631,33.69,3905
NGC7634,33.58,3377
PGC071197,32.92,3747
PGC071201,32.24,3674
NGC7640,29.65,579
UGC12562,33.07,3992
UGC12561,33.47,3893
ESO291-024,31.76,1661
IC5321,32.93,2937
ESO407-018,26.74,74
NGC7661,32.56,1928
ESO240-004,31.57,1519
PGC071529,33.04,3670
NGC7678,33.26,3678
UGC12613,24.92,-19
UGC12631,35.57,9367
UGC12639,31.21,4730
UGC12641,32.73,2877
UGC12650,33.99,5271
NGC7690,31.65,1442
NGC7694,30.75,2381
NGC7689,31.93,1901
IC5328,32.87,3101
UGC12667,32.88,3981
PGC071754,33.43,4986
IC5332,31.17,700
IC5334,33.29,2321
IC5333,32.27,1904
UGC12681,32.13,1632
UGC12692,32.79,2350
UGC12693,34.21,5161
NGC7713,29.88,681
ESO347-029,32.41,1553
UGC12701,35.44,9042
UGC12707,32.70,2769
ESO408-012,33.58,2979
ESO240-011,33.28,2793
NGC7721,32.51,2112
PGC072006,32.44,2149
NGC7723,32.00,1939
NGC7727,32.64,1935
PGC072115,35.16,9578
PGC072139,34.87,6755
PGC072169,35.06,7612
ESO292-014,32.01,1452
ESO471-006,28.20,275
UGC12755,35.99,8985
PGC072252,31.74,2207
NGC7743,31.36,1828
UGC12769,32.82,2193
NGC7750,31.42,3055
PGC072411,35.85,9212
PGC072438,35.30,9478
ESO149-001,31.60,1818
NGC7755,32.38,2971
NGC7757,31.00,3082
UGC12807,36.48,12533
UGC12814,34.77,5996
PGC072633,35.48,10132
NGC7761,35.12,7258
ESO471-027,35.55,8838
ESO149-003,29.23,506
PGC072734,35.14,5942
NGC7780,34.41,5360
PGC072784,35.60,8144
ESO012-010,33.57,1786
UGC12857,32.18,2578
NGC7793,27.86,227
ESO538-013,35.96,10254
PGC073123,35.42,7746
NGC7796,33.47,3260
PGC074050,34.26,4894
PGC074605,31.82,NA
PGC074617,31.37,1389
PGC074714,31.30,1374
PGC074752,31.31,1907
PGC075289,35.46,8128
PGC077827,34.38,2981
PGC079913,34.79,6483
UGC05921,32.36,1368
PGC083670,35.43,6132
PGC083688,34.33,8182
PGC083715,34.23,6988
PGC083754,33.53,7566
PGC085551,35.84,8929
PGC085610,35.28,8188
PGC086068,32.11,1894
PGC086266,33.85,4703
PGC086269,33.31,3398
PGC086285,33.20,2790
PGC086290,33.47,3728
PGC086668,29.73,396
PGC086669,29.83,640
PGC088608,19.71,74
PGC089942,32.10,3316
PGC090023,33.93,4215
PGC090392,32.21,4308
PGC090402,31.68,2734
PGC090453,34.36,5135
PGC090540,33.03,2276
PGC090548,35.18,6210
PGC090553,33.62,2667
PGC090564,34.62,5861
PGC090591,36.06,11844
PGC090592,35.03,7794
PGC090595,35.98,6002
PGC090653,34.40,6858
PGC090694,31.87,1615
PGC090695,34.68,6394
PGC090717,35.92,10010
PGC090726,35.46,8412
PGC090737,34.80,4272
PGC090751,34.96,4406
PGC090766,35.05,5430
PGC090771,34.53,6538
PGC090775,35.21,7286
PGC090776,34.23,3251
PGC090778,36.05,9577
PGC090783,34.90,6430
PGC090784,36.49,8580
PGC090801,33.97,3863
PGC090811,34.56,4137
PGC090789,35.45,8100
PGC090831,36.59,11198
PGC090844,33.66,4617
PGC090927,34.78,4418
PGC090941,32.97,2163
PGC091580,36.62,10735
PGC091586,34.90,6430
PGC091594,35.48,9192
PGC091621,34.46,6708
PGC091630,34.00,5485
PGC091643,34.83,5106
PGC091656,32.67,3978
PGC091661,35.04,5805
PGC091705,34.72,5577
PGC091731,34.78,7412
PGC091742,33.74,2805
PGC091747,34.86,6782
PGC091755,31.17,1753
PGC091777,34.33,5285
PGC091787,34.53,5416
PGC091814,34.13,7350
PGC092378,34.34,5758
PGC093031,33.39,3623
PGC093038,37.00,11435
PGC095594,28.46,242
PGC095597,27.66,158
PGC097023,32.27,5599
PGC097032,33.08,4560
PGC097067,32.94,4473
PGC097081,33.11,5524
PGC097109,30.64,6056
PGC097136,33.77,3395
PGC097187,34.90,5100
PGC097243,32.51,2979
PGC100169,26.15,208
PGC100170,27.24,257
PGC100768,33.45,4341
PGC132177,37.59,19080
PGC138836,28.70,340
PGC155511,34.49,3674
PGC165356,32.55,3316
PGC165788,34.30,5290
PGC166175,28.17,NA
PGC166073,28.12,NA
PGC166077,27.56,81
PGC166082,27.79,98
PGC166084,27.71,205
PGC166095,29.82,429
PGC166096,29.83,NA
PGC166101,27.90,NA
PGC166176,28.47,NA
PGC166115,28.30,248
PGC166142,28.18,352
PGC166146,28.21,NA
PGC166152,28.85,449
PGC166158,28.14,NA
PGC166159,29.59,NA
PGC166163,28.59,428
PGC166167,27.88,NA
PGC166170,28.49,259
PGC166172,27.87,NA
PGC166179,27.91,NA
PGC166185,26.48,134
PGC166192,28.63,359
PGC166193,28.64,357
PGC166472,34.03,4441
PGC166559,34.37,4602
PGC166628,29.68,6048
PGC166755,32.49,2652
PGC166758,33.86,4566
PGC166785,34.09,4843
PGC169662,35.85,8487
PGC200171,37.62,23832
PGC212843,36.06,11410
PGC214719,37.49,22682
PGC214810,34.96,7952
PGC340526,36.65,15080
PGC343503,36.08,10346
PGC376039,36.87,13302
PGC471591,37.21,18221
ESO215-009,28.69,379
PGC575633,33.75,3129
PGC576005,32.66,4486
PGC576636,33.37,4564
PGC577429,33.56,1783
PGC592761,28.49,341
PGC626659,29.40,NA
PGC643983,36.22,15987
PGC648636,36.99,14506
PGC662260,37.58,20472
PGC677373,28.24,453
PGC683190,28.74,509
PGC765572,36.30,13281
NGC1201,31.54,1597
PGC869197,37.74,23603
PGC906205,34.20,4593
PGC994819,36.22,NA
PGC998264,36.95,22941
PGC999654,36.46,15072
PGC1059326,34.16,2702
PGC1114283,36.49,13497
PGC002501,36.74,16653
PGC1124612,37.77,31378
PGC1154145,35.67,13749
PGC1154577,36.43,18910
PGC1160052,37.11,27136
PGC1161680,36.60,19672
PGC679349,37.08,15002
PGC1172545,37.54,32351
PGC1210567,33.55,6058
PGC1392929,36.02,10914
UGC11149,36.89,16462
NGC7503,36.43,13365
PGC1506233,35.63,8359
PGC1809186,35.07,9384
PGC1824266,30.23,404
PGC2017209,24.00,-194
PGC2078048,35.40,6161
PGC2085703,38.27,28568
PGC2601822,28.66,253
PGC2793261,33.60,4637
PGC2793266,34.37,5429
PGC2793272,34.13,4225
PGC2793273,34.02,5405
PGC2793293,34.35,4478
PGC2793294,34.60,5720
PGC2793297,33.45,4560
PGC2793300,34.61,4468
PGC2793302,33.28,5717
PGC2793304,34.35,5175
PGC2793305,35.19,4930
PGC2793306,33.61,3942
PGC2793309,34.97,5229
PGC2793310,34.03,6133
PGC2793313,34.00,4724
PGC2793323,34.63,4704
PGC2793324,34.74,6134
PGC2793326,34.21,5307
PGC2793329,34.17,3370
PGC2793332,33.93,5429
PGC2793338,33.96,4804
PGC2793347,34.61,3943
PGC2793348,33.91,6133
PGC2793352,33.40,4475
PGC2798836,33.34,NA
PGC2798844,33.15,NA
PGC2798867,33.24,NA
PGC2798871,33.02,NA
PGC2801026,26.42,95
PGC2801050,29.04,185
PGC2801052,28.34,230
NGC6715,17.11,171
PGC2802467,24.39,NA
PGC2802561,24.86,NA
PGC2802573,24.80,NA
PGC2802582,24.35,NA
PGC2802594,24.42,NA
PGC2802596,24.49,NA
PGC2802598,24.31,NA
PGC2802601,25.01,NA
PGC2802602,24.64,NA
PGC2802610,24.53,-155
NGC1866,18.50,NA
NGC6809,13.58,213
PGC2806961,29.91,228
PGC2807061,26.12,142
PGC2807102,28.29,239
PGC2807103,27.64,207
PGC2807110,28.40,301
PGC2807133,27.86,NA
PGC2807150,27.10,258
PGC2807155,24.57,-96
PGC2807157,27.03,63
ANDROMEDA06,24.46,-169
PGC2815820,27.33,NA
PGC2815822,27.93,NA
PGC2815823,27.95,NA
PGC3077814,34.04,5270
PGC3078024,34.51,3908
PGC3080012,34.17,4940
PGC3081460,36.58,12712
PGC3084796,23.98,NA
PGC3097113,28.79,374
PGC3097690,28.89,275
PGC3097691,24.45,-24
PGC3097727,28.16,NA
ANDROMEDA05,24.39,-223
PGC3097827,27.86,-24
PGC3097828,27.75,NA
PGC3108973,38.58,48464
PGC3109704,39.83,43318
PGC3111932,38.78,46670
PGC3114934,37.85,35904
PGC3116657,37.25,25977
VV169,35.34,9131
UGC04008,35.52,9234
UGCA166,31.32,801
UGC09425,36.14,10486
NGC7253,34.22,4930
SDSSJ224142.05-000812.9,36.88,17485
SDSSJ003709.59-011222.4,40.06,93153
SDSSJ103928.53+051101.1,37.78,20203
SDSSJ205036.66-002115.2,39.94,77826
SDSSJ211531.80-002116.5,39.21,59325
NGC6791,13.08,NA
NGC6819,11.86,NA
2MASXJ01270614+1906587,36.10,13036
2MASXJ01454460-5605518,37.84,26265
2MASXJ03372260-3302350,36.18,11584
2MASXJ09591870-1928233,34.18,3439
2MASXJ12592407+2820498,37.74,20314
2MASXJ13524703+0518496,37.92,25157
HIPASSJ1247-77,27.65,227
SDSSJ212342.95-005035.0,37.20,18904
6dFJ0956376-092911,29.86,426
SDSSJ085112.11+275248.1,29.64,345
SDSSJ004632.24+005017.4,38.14,39239
SDSSJ010743.60-010222.1,38.79,52370
SDSSJ012648.45-011417.3,37.03,17269
APPLES1,29.60,652
GOODSJ123649.72+621313.4,41.39,142369
GOODSJ123655.57+621245.9,43.11,237250
ANDROMEDA17,24.35,-68
HIPASSJ1348-37,28.76,440
[RGK2003]J010705.94-000753.8,40.11,78916
[RGK2003]J010858.96+000024.8,38.99,56131
[RGK2003]J013359.45+000415.2,40.06,80998
[RGK2003]J013549.55+000838.3,39.66,61811
MS1008.1-1224:PPP001719,40.25,89756
CENTAURUSN,27.82,NA
IKN,27.87,-34
SAGITTARIUS_DWARF_SPHEROIDAL,17.10,169
[HS98]117,28.00,79
ANDROMEDA09,24.43,-33
CANES_VENATICI_DWARF,21.65,69
BOOTES2,18.10,-116
BOOTES1,19.10,109
UMA1,19.95,-7
UMA2,17.50,-33
SDSSJ1049+5103,18.11,35
COMA,18.15,82
CANES_VENATICI_2,21.00,-95
SEGUE1,16.80,114
HERCULES,20.80,145
LEO4,20.96,10
BOOTES3,18.35,240
LEO5,21.25,59
LEOT,23.09,-58
SEGUE2,17.73,42
WMMA080,37.21,NA
ANDROMEDA18,25.59,-135
ANDROMEDA19,24.83,68
ANDROMEDA20,24.36,NA
ANDROMEDA10,24.05,8
ANDROMEDA14,24.37,-326
ANDROMEDA11,24.33,-297
ANDROMEDA12,24.62,-393
ANDROMEDA13,24.62,-24
ANDROMEDA15,23.99,-164
ANDROMEDA16,23.49,-211
[CKT2009]D0934+70,27.40,NA
[CKT2009]D0939+71,27.83,NA
[CKT2009]D0944+69,27.91,NA
[CKT2009]D0955+70,27.69,NA
[CKT2009]D0959+68,28.13,-80
[CKT2009]D1006+67,27.79,NA
[CKT2009]D1014+68,27.92,NA
[CKT2009]D1028+70,27.92,44
[CKT2009]D1041+70,27.84,NA
[CKT2009]D0926+70,27.66,NA
[CKT2009]D0944+71,27.68,NA
[CKT2009]D1015+69,27.96,NA
PISCES2,21.30,-75
SEGUE3,16.13,36
[KKH2007]J1228+4358,27.97,278
SCL-DE1_GC1,28.17,NA
DDO169NW,28.18,324
ANDROMEDA23,24.36,-85
ANDROMEDA24,24.77,NA
ANDROMEDA25,24.50,81
ANDROMEDA26,24.41,NA
ANDROMEDA27,24.60,-355
ANDROMEDA21,24.61,-164
ANDROMEDA22,24.66,3
AGC749241,28.75,450
AGC748778,29.05,405
AGC174585,29.48,241
AGC174605,29.91,226
ANDROMEDA28,24.10,-120
ANDROMEDA29,24.32,-13
ALFAZOAJ1952+1428,29.62,467
GALAXY,14.57,NA
CANIS_MAJOR_DWARF,14.41,NA
ANDROMEDA30,24.17,48
HIJ102145.0+180501,26.08,180
[QQH97]J234014.21+261211.8,36.15,10374
[HM92c]230149-3736.8,38.60,30279
SCPJ110136.37-060631.6,36.55,11841
NSFJ235412.09+272432.3,35.25,7373
NSFJ022743.32+281037.6,35.81,10561
SDSSJ121438.73+121347.7,37.56,19125
SDSSJ010934.78+004215.9,34.26,60030
ANDROMEDA31,24.40,16
ANDROMEDA32,24.45,-181
SKHV302,24.23,NA
SKHV108,24.40,NA
PANDAS48,24.57,-96
[SVA2008]M33EC1,24.75,-19
ANDROMEDA33,24.49,-216
GHOSTS1,30.40,NA
CRATER,21.10,-0
SCLMMDW1,27.98,NA
[LLH2012]41,31.32,NA
PGC5067952,41.65,NA
PGC5067955,41.77,NA
PGC5067979,38.82,NA
PGC5067980,40.32,NA
PGC5068230,35.63,9474
H-ZSNSJ022853.88+011624.2,43.44,NA
SCPJ140159.90+050459.6,43.85,NA
SCPJ135711.96+042026.9,43.52,NA
SDSSJ021705.50+001649.0,38.58,81556
SDSSJ212139.25+005340.7,40.42,89440
SDSSJ213511.76+000947.1,39.81,79026
SDSSJ221927.32+002939.9,39.58,65231
SDSSJ000758.69+003817.4,40.06,NA
SDSSJ211120.85-002643.3,38.55,42955
SDSSJ204721.99-011511.8,39.49,NA
SDSSJ204810.37-011017.1,38.46,NA
SDSSJ204853.05+001128.0,37.46,NA
SDSSJ215546.40+003536.7,40.09,79038
SDSSJ002713.69+010714.2,39.84,64061
SDSSJ020452.97-001935.2,40.59,NA
SDSSJ024204.98-003226.9,38.92,54113
SDSSJ225648.34+002403.9,40.13,87228
SDSSJ032021.70-005308.0,39.24,NA
SDSSJ220341.21+003410.3,38.08,NA
SDSSJ012137.62-005838.0,38.69,49673
SDSSJ015951.03+003826.2,38.65,NA
SDSSJ021814.72+004747.6,39.30,63923
SDSSJ221616.63+004229.2,39.56,75045
SDSSJ221841.16+003821.1,39.54,69446
SDSSJ011049.19+010028.4,39.83,NA
SDSSJ033348.97+004233.6,40.89,NA
SDSSJ033637.49+010445.0,39.49,NA
SDSSJ221310.25+010302.0,40.06,NA
SDSSJ020403.84-002157.0,40.12,83278
SDSSJ004857.05-005420.6,40.51,NA
SDSSJ023354.13+001650.6,40.67,109014
SDSSJ233759.60+003831.6,40.03,NA
SDSSJ235932.26+004413.8,38.59,48671
SDSSJ012606.80+004036.8,40.33,NA
SDSSJ205019.78-004931.0,41.02,NA
SDSSJ031833.83+000724.1,38.05,NA
SDSSJ032922.06-010540.9,40.13,NA
SDSSJ205024.61-001004.4,39.11,NA
SDSSJ215440.79+002448.4,39.48,66181
SDSSJ221243.86-000205.7,39.37,NA
SDSSJ000928.47+010917.7,41.13,123355
SDSSJ001300.13+001453.6,38.04,36447
SDSSJ001423.59+001959.0,38.63,46951
SDSSJ011135.03-000021.2,40.03,NA
SDSSJ215108.69-005034.6,40.31,NA
SDSSJ231633.32-003947.5,39.09,56020
SDSSJ021902.54-001622.2,40.06,84068
SDSSJ223031.48-003009.6,39.79,84492
SDSSJ000713.58+002056.3,39.87,NA
SDSSJ001303.73-003712.5,40.20,88561
SDSSJ213115.60-010325.2,40.48,93424
SDSSJ010445.70+003050.1,40.19,92802
SDSSJ204155.88+010531.2,39.79,NA
SDSSJ212451.95+002308.2,41.20,NA
SDSSJ215216.47+001601.5,39.15,NA
SDSSJ235552.64+005237.2,40.26,NA
SDSSJ223603.21-002204.5,39.90,NA
SDSSJ004524.41+010432.1,39.26,NA
SDSSJ021706.20+003205.4,40.30,NA
SDSSJ230102.97-001226.5,40.32,91617
SDSSJ001718.34-001526.1,39.49,NA
SDSSJ205644.66+002430.0,41.16,NA
SDSSJ213256.12-004159.2,39.02,54174
SDSSJ215218.98+002818.9,39.27,61485
SDSSJ001900.83-001653.4,40.39,NA
SDSSJ032821.68-001933.9,39.50,NA
SDSSJ020950.39-000342.3,39.26,63828
SDSSJ025040.16-000357.5,40.44,108278
SDSSJ024050.12+005935.3,41.42,NA
SDSSJ204019.25-000025.8,40.72,NA
SDSSJ231351.60+011525.2,39.96,81816
SDSSJ221355.96+010511.4,40.67,NA
SDSSJ235005.02-005517.0,38.99,55924
SDSSJ231120.91-003631.1,41.19,117348
SDSSJ024136.04+001218.1,40.87,NA
SDSSJ024456.67+001212.5,41.07,NA
SDSSJ222102.64-004454.2,39.37,64591
SDSSJ021404.48-001420.6,37.84,35328
SDSSJ035012.89-001424.9,40.01,NA
SDSSJ232021.45-002059.2,40.59,105029
H-ZSNSJ074855.70+100606.3,40.85,126695
[PDG95]J224418.86+000648.5,40.88,113461
[K95]J025730.70-014119.8,40.01,71944
SDSSJ081906.57+074321.2,41.50,116190
H-ZSNSJ104850.96+000330.4,41.96,170745
H-ZSNSJ082413.33+032458.5,41.06,146754
H-ZSNSJ134556.16+022653.7,41.41,148358
H-ZSNSJ124835.19-004603.0,42.44,196580
H-ZSNSJ153011.25+055527.0,41.55,134948
H-ZSNSJ134827.22+022746.6,41.07,128874
[GC96]J101020.28-123309.2,40.60,128729
SDSSJ122852.81-000540.1,42.51,185778
[GC96]J120039.43-001602.4,41.78,170774
[GC96]J082443.49-002106.2,41.36,113765
[GC96A]J115033.54+102646.7,41.70,128832
SCPJ082405.21+041122.6,40.53,95792
SCPJ082352.67+040844.0,42.48,173438
SCPJ104857.61+003150.0,41.12,134771
SCPJ105552.98-035902.3,41.34,174032
SCPJ105731.52-031348.3,41.72,124570
SCPJ134709.90+022357.5,42.83,248790
H-ZSNSJ170748.26+440126.2,41.34,132090
H-ZSNSJ123704.27+622624.9,41.65,150008
H-ZSNSJ045611.63-034126.0,43.21,257733
H-ZSNSJ045856.32-035929.4,41.71,161796
H-ZSNSJ082138.13+032510.5,42.88,233694
H-ZSNSJ045514.27-055144.8,42.59,173785
H-ZSNSJ045830.23-031604.0,43.78,228652
H-ZSNSJ045936.57-030934.6,41.23,158800
H-ZSNSJ045937.31-030901.6,38.58,53873
H-ZSNSJ082157.14+035335.7,43.65,164744
H-ZSNSJ082350.03+032852.8,39.49,53819
H-ZSNSJ082402.51+040733.1,42.48,110781
H-ZSNSJ105555.93-035648.2,41.25,140756
H-ZSNSJ105651.48-035836.9,41.05,131763
H-ZSNSJ105719.23-035451.7,42.26,194719
H-ZSNSJ105356.22-033910.0,40.62,107779
H-ZSNSJ105615.02-041521.5,41.29,131762
H-ZSNSJ105716.38-033359.2,41.61,149751
H-ZSNSJ105721.51-031449.9,42.45,191723
H-ZSNSJ134336.92+021930.6,41.47,128870
H-ZSNSJ134620.89+020240.4,42.05,191827
H-ZSNSJ134744.72+022057.2,42.53,224806
MSACSSJ092016.00+003339.6,38.50,44816
EROSJ110115.76-114515.2,38.08,37009
EROSJ115700.46-112638.6,38.25,35834
SDSSJ230017.30-000515.4,38.72,54695
H-ZSNSJ023354.39+003255.6,41.61,137921
H-ZSNSJ023035.62+010943.3,42.92,278827
H-ZSNSJ041403.88+041755.0,41.34,140863
SDSSJ233153.01+000933.5,39.85,84063
SCPJ152306.31+293931.9,43.56,278908
SCPJ140200.95+050059.2,41.80,165464
SDSSJ140151.41+045312.5,42.26,201140
SCPJ135704.54+043059.8,41.66,153168
SDSSJ010208.65-005246.8,39.22,57450
SDSSJ215647.63+001901.3,38.19,38605
NSFJ033923.74+350249.0,31.84,974
SDSSJ030711.02+010711.9,38.18,38895
SDSSJ223041.15-004634.4,37.26,27068
SDSSJ010821.96-000546.6,40.33,87010
SDSSJ025032.13+004826.4,39.31,57304
SDSSJ033048.96-011415.4,38.41,47939
SDSSJ215704.19-001324.4,37.93,32611
SDSSJ030421.26-010347.0,37.98,37311
SDSSJ014559.73+011144.5,39.05,48017
SDSSJ023628.25+003042.6,39.93,77544
SDSSJ214000.48-000002.9,38.46,30132
SDSSJ223132.21-002937.2,39.80,75089
SDSSJ231842.19-011216.7,40.34,90314
SDSSJ011619.85-004846.4,40.58,104990
SDSSJ215548.23+011052.7,39.65,66191
SDSSJ222315.50+001513.3,39.77,77563
SDSSJ222805.78-010731.1,39.41,72090
SDSSJ002700.27-003511.8,38.34,41116
SDSSJ014742.71+001226.2,40.77,89984
SDSSJ030111.99-003313.5,38.88,17982
[PDG95]J024002.10-013715.8,40.28,111529
APMUKS(BJ)B141934.25+021314.0,35.27,NA
APMUKS(BJ)B051529.79-235009.8,35.65,NA
APMUKS(BJ)B124225.40-061107.2,38.10,44866
APMUKS(BJ)B033926.36-005631.5,37.99,37921
APMUKS(BJ)B001911.19-003608.1,38.76,52287
APMUKS(BJ)B231730.59-001946.5,37.94,33172
APMUKS(BJ)B002819.57-005941.4,37.97,35336
[PPG94]023732.30-014657.6,40.19,112128
[PPG94]101617.23+510723.4,40.48,127454
[PPG94]114725.33+105938.6,40.57,106048
[WM92]212426.8-614612,37.69,22407
CL0303+1706:[DG92]074,41.23,125957
DEEP2_41100811,42.98,245191
CENA-MM-DW1,27.80,NA
CENA-MM-DW2,27.78,NA
PISCES1,19.51,NA
LAEVENS2,17.40,-258
HYDRA2,20.64,130
PEGASUS3,21.56,NA
KIM2,20.08,NA
RETICULUM2,17.45,-91
ERIDANUS2,22.82,NA
HOROLOGIUM1,19.60,-27
PICTORIS1,20.40,NA
PHOENIX2,19.75,NA
GRUS1,20.40,-186
ERIDANUS3,19.80,NA
TUCANA2,18.80,-205
HOROLOGIUM2,19.46,NA
ANTLIAB,25.56,164
HYDRA1,15.52,-55
[MJB2015]DW1335-29,28.50,NA
SCLMMDW2,27.47,NA
CENA-MM-DW3,28.32,NA
CENA-MM-DW4,27.96,NA
CENA-MM-DW5,27.67,NA
CENA-MM-DW6,27.78,NA
CENA-MM-DW7,27.65,NA
CENA-MM-DW8,27.70,NA
CENA-MM-DW9,27.90,NA
CRATER2,20.35,NA
VIRGOUDF1,31.22,NA
VIRGO_CLUSTER,31.01,NA
NGC3583,32.42,2155
UGC05238,32.56,1626
NGC5963,32.65,819
NGC1087,30.46,1527
IC1125,32.34,2814
NGC4238,32.87,2868
UGC07170,32.32,2403
NGC3978,35.98,10046
PGC035705,32.41,1485
UGC07094,30.15,813
UGC01333,37.08,17780
NGC3982,31.85,1191
NGC4691,28.32,1034
PGC044592,33.81,8013
NGC3756,31.56,1358
PGC3116670,37.59,22950
IC4567,34.01,5866
UGC08282,33.45,2176
UGC00139,33.82,4050
NGC4675,34.51,4875
UGC10858,34.74,5637
PGC086633,34.99,3694
IC3322A,31.84,923
NGC2619,33.61,3417
NGC4814,33.15,2598
UGC06575,32.69,1296
PGC045981,36.08,7135
UGC10854,33.47,3014
NGC3683,32.54,1786
NGC4123,31.52,1232
NGC5574,31.87,1573
NGC5707,33.26,2314
NGC5300,31.33,1138
NGC5874,33.33,3277
UGC05713,35.05,6251
UGC06355,32.58,2170
UGC05542,35.77,9255
NGC5975,33.77,4480
NGC4302,30.78,1076
NGC2654,32.50,1412
NGC4470,31.18,2268
NGC3622,31.57,1412
PGC043164,33.02,6625
NGC5950,32.44,2745
UGC04659,32.84,1784
PGC041093,29.65,456
NGC5350,32.21,2400
UGC08988,32.63,2213
PGC043840,35.07,7965
UGC04032,35.44,8075
UGC04824,32.66,2218
PGC044975,34.95,7592
UGC08114,32.14,1966
UGC09071,32.45,1946
NGC5698,34.02,3734
NGC5894,33.06,2619
NGC3049,31.26,1362
IC4011,34.88,7283
IC2207,34.45,4773
UGC04393,30.43,2147
PGC025005,35.39,7484
UGC04725,33.14,1952
NGC2770,32.13,1912
UGC05451,30.02,656
NGC3365,31.29,862
NGC3380,29.22,1557
NGC3454,31.57,1026
NGC3501,31.77,1053
NGC3628,30.17,764
NGC3642,28.79,1660
UGC06603,31.99,1627
UGC06667,31.36,1040
NGC3835,33.56,2535
UGC06837,35.31,5918
NGC3947,34.60,6161
NGC3972,31.51,933
NGC4168,32.67,2213
NGC4193,32.78,2407
NGC4237,31.46,813
PGC039556,31.84,1924
NGC4352,31.33,2023
UGC07522,32.75,1337
NGC4633,31.06,256
PGC044440,35.04,5464
NGC4854,35.70,8396
PGC044594,34.81,6683
PGC044662,34.65,8105
PGC044740,34.98,6152
IC4045,34.94,6983
UGC08166,33.72,2897
PGC045190,33.69,5521
NGC5112,31.17,1033
IC4263,33.11,2801
PGC059076,35.67,9001
PGC083753,33.94,6915
UGC07089,30.34,814
NGC4353,32.28,1044
NGC3020,31.68,1333
NGC4045,32.56,1867
NGC3471,31.92,2202
UGC05354,32.59,1196
IC0842,34.99,7290
UGC09703,32.29,2636
UGC10297,32.83,2415
UGC04922,32.77,2017
PGC045023,33.55,7430
NGC3279,32.47,1285
PGC083758,33.88,7104
IC2219,34.12,5166
NGC3873,34.42,5333
IC4088,35.43,7130
PGC046604,36.46,15941
UGC05791,32.19,889
PGC046640,35.96,10295
UGC07394,32.45,1511
NGC4926,34.87,7870
PGC056443,35.82,9716
NGC4919,34.63,7314
NGC4348,32.50,1900
NGC5719,32.11,1716
UGC05844,32.21,1429
NGC6264,35.79,10314
PGC037040,34.24,7642
UGC07982,31.42,1083
NGC3443,32.12,1032
NGC4629,32.59,1020
UGC10413,33.42,3109
NGC4235,31.36,2346
UGC05990,32.05,1557
UGC07854,30.98,916
UGC04514,31.13,732
NGC5962,32.54,2040
NGC4041,33.51,1311
NGC5485,32.05,2027
NGC4233,32.59,2200
NGC5376,33.64,2198
NGC5443,32.51,1919
NGC5430,33.08,3123
NGC5016,33.33,2617
NGC3605,31.56,608
IC1151,33.44,2266
NGC3239,30.47,665
NGC4080,31.06,541
NGC3795,31.94,1294
NGC4259,33.78,2393
NGC3839,33.80,5834
NGC3073,32.62,1216
NGC4411B,32.14,1205
IC3959,35.23,7043
PGC044928,34.85,5817
PGC036856,34.91,6770
PGC083663,35.84,6639
NGC4152,32.65,2111
NGC4316,32.11,1184
NGC3198,30.73,682
UGC08684,31.93,2327
NGC5346,32.84,2581
UGC09057,32.37,1545
UGC07579,33.06,2173
IC2348,35.18,5889
PGC044704,35.08,6192
UGC04777,32.53,2006
UGC07153,33.44,2714
PGC035978,34.77,6817
PGC051854,37.21,12185
UGC08882,29.69,465
PGC037779,30.73,1385
UGC04257,33.88,4104
UGC07424,32.00,781
PGC044390,35.24,7140
IC3913,34.15,7529
PGC083746,34.45,5900
PGC042884,31.07,845
UGC09638,32.63,2427
PGC083720,34.85,7033
PGC083762,34.85,8665
NGC5678,32.22,2037
NGC3522,32.03,1142
NGC4468,30.98,841
UGC08025,35.05,6332
UGC09660,30.16,724
IC3292,30.97,655
NGC3850,31.56,1233
NGC4141,32.87,1993
PGC044560,36.20,7823
NGC3156,31.73,1209
NGC3549,33.04,2910
NGC4488,29.53,914
IC0745,31.29,1025
NGC5457,29.26,356
IC3947,35.06,5666
UGC04395,33.46,2140
UGC05107,32.71,1868
PGC039813,31.68,2484
PGC090803,34.52,5284
NGC5584,32.25,1627
IC2461,33.59,2240
NGC3055,31.97,1680
NGC3755,32.68,1579
UGC04414,35.40,7459
UGC04970,33.48,2401
NGC6104,35.74,8513
UGC10043,33.23,2254
PGC028061,35.11,9899
PGC083757,34.01,8244
PGC039894,32.58,875
PGC083667,34.13,6933
UGC09299,32.33,1533
UGC04247,34.53,2742
PGC083675,35.91,8352
PGC090815,34.12,2426
UGC04113,34.96,5230
PGC1258718,35.51,8980
PGC090795,35.65,6808
PGC044848,34.42,7654
IC0779,30.96,218
UGC07580,31.00,538
PGC036132,34.61,6714
NGC5879,31.04,913
NGC5290,32.59,2639
NGC3769,31.06,768
NGC3652,31.86,1997
UGC08013,35.56,7886
UGC08365,31.14,1318
UGC09245,31.15,2018
UGC04482,33.13,1999
NGC4293,30.53,864
PGC083665,33.85,8122
UGC00866,31.86,1804
IC3239,31.49,685
PGC083752,35.24,8127
PGC044546,36.08,7046
PGC083759,34.99,7292
PGC090817,35.14,5588
PGC040670,31.31,1019
UGC08642,32.60,2515
UGC08662,32.75,2081
NGC5273,31.16,1144
PGC048783,35.09,7180
NGC5313,33.36,2617
NGC5320,32.80,2691
UGC08799,30.28,1022
NGC5338,30.52,783
NGC5356,31.45,1346
NGC5371,32.49,2661
PGC049732,32.43,2642
UGC08899,33.45,2879
NGC5448,32.63,2120
UGC08995,31.71,1228
NGC5470,31.54,1005
UGC09024,32.06,2355
UGC09056,32.05,2149
PGC050620,32.09,4882
NGC5529,33.24,2956
NGC5569,31.20,1769
UGC09215,31.93,1380
NGC5630,32.42,2772
UGC09279,33.99,4161
UGC09303,34.63,4360
NGC5656,33.88,3232
UGC09345,34.10,2304
NGC5661,33.21,2357
NGC5669,30.83,1388
NGC5714,32.89,2356
NGC5708,32.41,2816
UGC09448,33.13,2324
UGC09437,36.92,14451
NGC5730,32.20,2636
NGC5727,33.17,1586
NGC5740,32.33,1565
UGC09530,34.62,8594
UGC09556,33.71,2462
UGC09612,35.98,10963
NGC5806,31.58,1357
UGC09657,32.72,2673
UGC09665,32.74,2689
PGC053805,34.72,14906
PGC054774,38.96,18239
UGC09845,33.19,1945
NGC5951,32.09,1848
IC1153,31.26,6050
NGC6038,35.82,9511
PGC057064,36.37,10358
UGC10205,35.87,6691
NGC6063,33.28,2916
IC1197,31.77,1435
UGC07941,33.27,2421
NGC6155,31.96,2582
UGC07567,32.31,795
IC0755,31.27,1470
UGC08638,28.16,301
PGC044667,33.93,8403
UGC07184,32.61,2018
UGC07354,30.94,1441
NGC4654,30.71,1000
NGC2410,33.97,4650
NGC2805,29.71,1820
NGC5169,33.41,2501
IC3955,34.96,7681
PGC044675,35.24,7721
PGC083725,33.37,7644
IC3032,30.87,1128
IC0718,31.72,1892
NGC5301,31.60,1598
UGC04424,34.35,4337
UGC04148,32.25,726
UGC04906,32.79,2318
NGC5777,33.16,2295
UGC06015,36.52,12460
PGC213672,35.96,9105
IC4062,35.38,10902
PGC051473,36.18,11190
PGC214352,35.85,10112
PGC039401,35.08,6859
NGC3861,34.95,5019
PGC083760,34.71,5752
UGC00272,33.72,3989
NGC0497,35.26,8193
NGC0450,31.21,1837
UGC02081,33.03,2628
NGC2424,33.45,3340
UGC04132,34.57,5162
PGC022976,35.63,9458
NGC2543,32.36,2449
PGC023146,34.07,4194
UGC04299,33.79,4219
UGC04324,33.80,4732
PGC023347,33.74,4766
UGC04332,35.65,5440
PGC023420,33.74,4066
UGC04361,33.23,3666
UGC04400,34.48,4294
UGC04399,33.82,4405
PGC023709,34.93,5209
NGC2595,34.35,4245
PGC023757,34.46,6371
UGC04444,31.48,1988
UGC04468,34.51,7407
NGC2623,34.96,5428
UGC04614,35.33,7535
UGC04621,32.64,2269
NGC2713,34.38,3752
NGC2742,31.60,1359
PGC025794,34.47,5040
IC0530,34.56,4844
UGC05020,32.53,1590
NGC2916,32.96,3636
UGC05218,33.55,2966
NGC2998,33.85,4782
NGC3026,31.00,1429
NGC3041,31.93,1308
UGC05347,33.02,2001
NGC3067,31.15,1422
UGC05358,33.13,2803
UGC05393,32.15,1418
UGC05427,29.42,433
NGC3118,32.24,1306
PGC029466,33.86,2656
NGC3131,34.40,5015
UGC05522,33.05,1095
PGC029953,35.33,7367
UGC05574,31.69,1396
NGC3206,31.41,1224
NGC3225,33.46,2200
UGC05646,31.89,1275
NGC3246,32.75,2014
NGC3245A,32.12,1281
UGC05672,28.98,473
UGC05691,37.15,16250
UGC05707,31.36,2818
NGC3259,32.55,1775
NGC3287,30.73,1218
NGC3294,32.39,1561
PGC031552,35.15,6839
NGC3319,30.52,747
NGC3327,35.03,6249
NGC3332,34.54,5723
NGC3338,31.84,1202
NGC3351,29.98,677
UGC05897,32.75,2613
UGC05944,30.31,940
NGC3423,30.35,886
UGC05958,31.85,1144
NGC3413,31.05,614
NGC3437,32.41,1203
UGC06083,32.52,862
UGC06104,33.52,2868
NGC3510,31.12,676
NGC3547,31.39,1486
NGC3592,31.56,1228
UGC06271,32.50,1978
UGC06309,32.76,2910
UGC06332,34.82,6165
NGC3629,32.75,1475
UGC06363,35.03,6268
IC2763,31.10,1489
UGC06402,32.55,2489
UGC06399,31.54,848
NGC3666,31.14,973
NGC3669,31.84,1830
UGC06586,34.19,3902
UGC06594,31.65,976
UGC06610,32.58,1861
IC0719,31.87,1742
NGC3810,30.89,911
PGC036349,34.53,5928
PGC036371,34.22,6274
UGC06679,34.36,5193
PGC036683,34.07,6979
PGC036779,35.36,6108
NGC3888,33.01,2474
NGC3891,35.66,6278
UGC06774,33.82,2502
UGC06780,33.05,1599
UGC06791,32.50,1818
NGC3912,31.49,1765
NGC3928,30.89,1029
PGC037153,33.43,6601
UGC06879,32.53,2272
UGC06891,34.62,6706
NGC4017,33.50,3433
IC0750,32.75,740
UGC06992,30.95,808
NGC4037,30.70,864
UGC07016,35.28,7223
NGC4055,35.32,7291
NGC4062,30.81,763
NGC4059,35.27,7131
NGC4096,30.39,620
UGC07133,34.03,2530
IC3019,31.14,1617
IC3021,33.76,2470
IC3033,31.27,205
NGC4165,33.77,1811
NGC4172,35.67,9405
IC0769,32.91,2146
UGC07223,33.66,2021
NGC4189,31.78,2049
NGC4200,31.92,2280
IC3061,33.07,2262
IC3065,31.05,941
NGC4206,31.38,643
NGC4207,31.28,538
PGC039228,28.33,229
NGC4220,31.37,977
NGC4224,33.81,2510
UGC07301,32.12,761
IC3099,32.69,2062
IC3101,31.23,1368
IC3115,31.94,656
NGC4252,31.69,792
UGC07357,35.32,6658
NGC4260,32.80,1709
NGC4276,32.20,2544
UGC07399A,31.15,1377
NGC4292,29.88,2177
NGC4298,31.11,1078
NGC4309,32.13,969
PGC040059,31.78,681
UGC07436,30.96,933
NGC4312,30.00,104
NGC4313,30.44,1374
IC3225,32.34,2298
PGC040115,31.86,1030
IC3229,31.93,1468
IC3247,31.81,575
NGC4343,31.71,922
IC3259,31.17,1340
IC3267,32.86,1162
IC3298,32.64,2393
NGC4387,31.25,484
NGC4388,31.20,2460
NGC4393,30.31,743
IC3322,31.49,1114
NGC4405,30.39,1688
IC3341,30.33,366
NGC4421,30.70,1506
NGC4441,31.38,2779
NGC4430,32.76,1373
IC3381,31.09,606
IC3388,30.98,1655
UGC07599,28.37,322
PGC041156,31.12,391
NGC4469,31.12,519
NGC4476,31.20,1905
NGC4482,31.27,1777
NGC4479,31.18,798
NGC4483,31.10,819
NGC4489,30.91,901
NGC4493,35.02,6830
NGC4495,34.30,4571
IC3446,33.30,1198
IC3461,31.10,949
IC3468,30.91,1241
IC0798,31.00,387
IC3490,31.09,189
NGC4519,31.39,1159
NGC4522,30.81,2258
IC3501,31.04,1566
NGC4525,30.23,1184
IC0800,30.73,2292
NGC4534,30.89,844
PGC041782,31.12,1456
IC3509,31.10,2012
IC3520,31.72,757
PGC041959,30.93,232
PGC041978,33.26,9128
UGC07774,32.11,574
PGC042046,30.98,1360
NGC4568,31.39,2182
IC3586,31.07,1674
NGC4571,31.43,292
NGC4580,31.39,964
IC3602,31.21,1216
NGC4586,30.58,708
NGC4591,33.19,2360
NGC4592,30.33,979
IC3633,31.03,1917
NGC4598,32.17,1899
IC3635,31.11,1514
PGC042442,31.03,1669
UGC07848,33.67,2613
IC3652,31.01,576
NGC4607,31.50,2206
IC3653,30.93,507
NGC4618,29.15,586
NGC4620,31.62,1080
NGC4627,29.86,564
IC0809,31.00,157
UGC07877,35.05,5908
IC3690,35.56,7533
UGC07890,35.01,7517
NGC4641,29.54,1970
NGC4668,30.96,1538
UGC07934,35.94,9696
PGC043072,29.92,1085
IC3779,30.97,1120
PGC043278,34.23,6903
UGC07978,35.09,8096
UGC07991,31.55,1193
UGC08004,34.67,6204
UGC08017,35.45,7089
NGC4771,31.27,1054
NGC4793,32.14,2507
IC3881,32.23,901
UGC08041,30.86,1243
PGC044159,34.89,7309
NGC4824,35.29,7103
IC3917,35.77,6648
NGC4839,35.21,7350
NGC4840,35.03,6046
NGC4842,34.94,7322
NGC4842:,35.42,7246
PGC044367,34.65,7243
NGC4845,31.34,1035
UGC08085,32.37,2006
PGC044467,35.11,7160
PGC044469,35.69,6929
IC3943,34.91,6819
PGC044519,33.10,6952
NGC4860,35.19,7994
PGC044547,35.19,6418
IC3960,35.08,6587
IC3957,35.38,6374
PGC044562,35.21,5751
IC3963,34.70,6840
PGC044573,35.10,9477
PGC044576,34.29,6073
PGC044581,33.78,6496
PGC044596,35.24,6045
PGC044616,34.68,6932
NGC4874,34.95,7182
PGC044629,34.98,7600
NGC4875,35.18,8022
PGC044649,35.51,6914
NGC4876,34.76,6715
IC3998,34.73,9434
NGC4883,34.71,8165
PGC044699,34.61,6586
IC4012,34.91,7252
PGC044723,34.59,7520
IC4021,34.92,5748
NGC4895,34.79,8543
IC4026,34.57,8190
PGC044763,35.09,7018
NGC4896,34.67,5971
PGC044792,34.85,7659
PGC044809,35.23,8437
PGC044815,34.09,6613
IC4051,35.60,4999
PGC044897,35.25,7658
NGC4921,34.90,5485
NGC4923,35.00,5478
PGC044929,35.57,7565
NGC4929,35.43,6241
PGC045032,34.24,8224
IC4111,33.22,7776
UGC08162,35.11,7167
UGC08161,34.88,6661
NGC4961,32.84,2548
NGC4979,33.50,6331
PGC045498,36.03,10126
IC4202,35.44,7134
UGC08244,34.62,7115
NGC5002,30.42,1111
IC4210,34.48,6383
NGC5004A,34.20,7289
NGC5014,29.03,1180
NGC5012,32.91,2611
UGC08294,34.48,6134
UGC08317,34.40,6068
NGC5081,35.47,6660
UGC08399,35.39,7275
NGC5116,33.10,2910
IC4239,37.11,14574
NGC5145,33.62,1301
UGC08472,35.22,6554
NGC5185,35.26,7372
NGC5238,28.27,330
NGC5240,33.15,2287
IC0902,32.21,1714
NGC5246,35.17,6882
UGC08630,32.31,2462
NGC6195,35.81,9155
UGC11816,34.26,4900
PGC083664,35.16,6891
PGC083669,33.35,7788
PGC083671,34.36,6567
PGC083681,35.17,7255
PGC083682,33.68,7157
PGC083684,33.05,7450
PGC083695,32.92,6144
PGC083696,33.91,6425
PGC083702,35.08,6960
PGC083716,34.27,7194
PGC083719,34.87,5919
PGC083727,34.98,7021
PGC083729,35.04,6023
PGC083733,34.86,6984
PGC083740,33.47,8260
PGC083742,34.16,7883
PGC083747,34.83,7792
PGC083750,34.05,8210
PGC083755,35.29,7619
PGC083764,35.19,5983
PGC083766,34.52,7621
PGC090796,35.65,8528
PGC142820,34.20,5014
PGC1130011,36.65,20081
PGC1183727,37.57,28268
PGC1676859,35.90,9364
PGC1808334,35.00,9761
PGC1875560,31.11,909
PGC2172338,35.30,8074
2MASXJ00024910+0045055,37.28,26117
PGC2543081,29.71,500
NGC4466,32.46,682
IC3268,32.68,652
PGC090800,36.77,13625
PGC092948,36.41,13621
PGC094012,35.16,8386
NGC3951,34.53,6422
NGC4380,31.52,887
NGC4567,32.39,2210
NGC4384,31.22,2584
NGC5913,32.76,2015
NGC5772,35.12,4982
NGC4445,31.28,285
NGC4288,32.08,588
UGC06792,31.67,873
IC3328,31.11,950
UGC04982,33.13,2730
UGC05129,33.81,3990
UGC05249,32.35,1734
NGC4562,30.22,1347
NGC4218,30.97,762
PGC044821,34.60,8581
PGC040409,32.98,805
NGC5676,32.66,2225
NGC4713,30.83,586
NGC5633,32.81,2437
IC3521,31.18,527
NGC5900,33.65,2620
UGC05378,33.76,4025
NGC2552,29.97,539
PGC035622,34.72,6069
PGC083454,35.95,11328
NGC3359,31.65,1104
NGC4884,35.06,6460
NGC5184,33.81,3920
NGC4515,31.08,916
NGC4305,33.10,1865
NGC4351,30.48,2248
NGC4545,32.74,2776
NGC4391,31.88,1436
UGC09858,32.79,2744
NGC4318,31.70,1141
NGC4390,32.09,1036
NGC4689,30.84,1569
NGC3625,32.79,2020
NGC3930,30.59,938
IC0851,33.22,2620
UGC04054,32.16,2055
NGC4502,32.20,1589
PGC029306,34.47,7088
PGC044268,35.02,7461
NGC3185,31.92,1165
NGC4906,35.09,7514
PGC083703,35.02,7318
UGC09394,32.26,1802
PGC044805,34.39,7933
PGC037463,34.90,6296
NGC4561,31.88,1372
UGC08328,35.27,6503
NGC4020,30.43,750
UGC06940,31.98,1184
UGC06862,34.13,2658
PGC083734,35.23,6268
PGC090806,35.15,6031
UGC07423,32.73,1191
UGC04565,34.73,3931,
